{
  "lessonId": 41,
  "target": "vocabulary",
  "generatedAt": "2026-08-05T08:46:21.907Z",
  "outputs": {
    "vocabulary": "data/ocr/lesson41-vocabulary-audio.json"
  },
  "summaries": [
    {
      "trackId": "lesson_words",
      "sourceUrl": "https://japaflow-audio-bucket.oss-cn-shanghai.aliyuncs.com/textbook-audio/book1-unit11/lesson41/lesson_words.mp3",
      "duration": 133.77,
      "expectedItems": 68,
      "expectedSpeechUnits": 69,
      "skippedSpeechUnits": 0,
      "detectedSpeechIntervals": 69,
      "mappedSegments": 68,
      "selectedProfile": {
        "noiseDb": -44,
        "minSilence": 0.28
      },
      "warnings": []
    }
  ],
  "vocabularyData": {
    "lessonId": "lesson41",
    "sourceImages": [
      {
        "path": "course-assets/by-lesson/lesson41/page197.webp",
        "pageNo": 197
      }
    ],
    "vocabulary": [
      {
        "id": "l41-v001",
        "kana": "ことり",
        "writing": "小鳥",
        "meaningZh": [
          "小鸟",
          "鸟儿"
        ],
        "partOfSpeech": "名",
        "rawText": "ことり（小鳥） [名] 小鸟，鸟儿",
        "confidence": "high",
        "audioSegment": {
          "id": "l41-v001",
          "trackId": "lesson_words",
          "sourceUrl": "https://japaflow-audio-bucket.oss-cn-shanghai.aliyuncs.com/textbook-audio/book1-unit11/lesson41/lesson_words.mp3",
          "localAudioPath": "data/ocr/audio-cache/lesson41/lesson_words.mp3",
          "itemIndex": 1,
          "text": "ことり",
          "label": "小鳥",
          "start": 1.213,
          "end": 1.856,
          "duration": 0.643,
          "speechUnitCount": 1,
          "method": "ffmpeg-silencedetect-order",
          "confidence": "high"
        }
      },
      {
        "id": "l41-v002",
        "kana": "ばんぱく",
        "writing": "万博",
        "meaningZh": [
          "世博会",
          "万国博览会"
        ],
        "partOfSpeech": "名",
        "rawText": "ばんぱく（万博） [名] 世博会，万国博览会",
        "confidence": "high",
        "audioSegment": {
          "id": "l41-v002",
          "trackId": "lesson_words",
          "sourceUrl": "https://japaflow-audio-bucket.oss-cn-shanghai.aliyuncs.com/textbook-audio/book1-unit11/lesson41/lesson_words.mp3",
          "localAudioPath": "data/ocr/audio-cache/lesson41/lesson_words.mp3",
          "itemIndex": 2,
          "text": "ばんぱく",
          "label": "万博",
          "start": 2.612,
          "end": 3.545,
          "duration": 0.933,
          "speechUnitCount": 1,
          "method": "ffmpeg-silencedetect-order",
          "confidence": "high"
        }
      },
      {
        "id": "l41-v003",
        "kana": "いせき",
        "writing": "遺跡",
        "meaningZh": [
          "遗址",
          "遗迹"
        ],
        "partOfSpeech": "名",
        "rawText": "いせき（遺跡） [名] 遗址，遗迹",
        "confidence": "high",
        "audioSegment": {
          "id": "l41-v003",
          "trackId": "lesson_words",
          "sourceUrl": "https://japaflow-audio-bucket.oss-cn-shanghai.aliyuncs.com/textbook-audio/book1-unit11/lesson41/lesson_words.mp3",
          "localAudioPath": "data/ocr/audio-cache/lesson41/lesson_words.mp3",
          "itemIndex": 3,
          "text": "いせき",
          "label": "遺跡",
          "start": 4.043,
          "end": 4.71,
          "duration": 0.666,
          "speechUnitCount": 1,
          "method": "ffmpeg-silencedetect-order",
          "confidence": "high"
        }
      },
      {
        "id": "l41-v004",
        "kana": "じょうし",
        "writing": "上司",
        "meaningZh": [
          "上司"
        ],
        "partOfSpeech": "名",
        "rawText": "じょうし（上司） [名] 上司",
        "confidence": "high",
        "audioSegment": {
          "id": "l41-v004",
          "trackId": "lesson_words",
          "sourceUrl": "https://japaflow-audio-bucket.oss-cn-shanghai.aliyuncs.com/textbook-audio/book1-unit11/lesson41/lesson_words.mp3",
          "localAudioPath": "data/ocr/audio-cache/lesson41/lesson_words.mp3",
          "itemIndex": 4,
          "text": "じょうし",
          "label": "上司",
          "start": 5.217,
          "end": 5.976,
          "duration": 0.759,
          "speechUnitCount": 1,
          "method": "ffmpeg-silencedetect-order",
          "confidence": "high"
        }
      },
      {
        "id": "l41-v005",
        "kana": "すり",
        "writing": "すり",
        "meaningZh": [
          "扒手",
          "小偷"
        ],
        "partOfSpeech": "名",
        "rawText": "すり [名] 扒手，小偷",
        "confidence": "high",
        "audioSegment": {
          "id": "l41-v005",
          "trackId": "lesson_words",
          "sourceUrl": "https://japaflow-audio-bucket.oss-cn-shanghai.aliyuncs.com/textbook-audio/book1-unit11/lesson41/lesson_words.mp3",
          "localAudioPath": "data/ocr/audio-cache/lesson41/lesson_words.mp3",
          "itemIndex": 5,
          "text": "すり",
          "label": "すり",
          "start": 6.523,
          "end": 7.005,
          "duration": 0.481,
          "speechUnitCount": 1,
          "method": "ffmpeg-silencedetect-order",
          "confidence": "high"
        }
      },
      {
        "id": "l41-v006",
        "kana": "せだい",
        "writing": "世代",
        "meaningZh": [
          "世代",
          "一代"
        ],
        "partOfSpeech": "名",
        "rawText": "せだい（世代） [名] 世代，一代",
        "confidence": "high",
        "audioSegment": {
          "id": "l41-v006",
          "trackId": "lesson_words",
          "sourceUrl": "https://japaflow-audio-bucket.oss-cn-shanghai.aliyuncs.com/textbook-audio/book1-unit11/lesson41/lesson_words.mp3",
          "localAudioPath": "data/ocr/audio-cache/lesson41/lesson_words.mp3",
          "itemIndex": 6,
          "text": "せだい",
          "label": "世代",
          "start": 7.853,
          "end": 8.508,
          "duration": 0.655,
          "speechUnitCount": 1,
          "method": "ffmpeg-silencedetect-order",
          "confidence": "high"
        }
      },
      {
        "id": "l41-v007",
        "kana": "しじょう",
        "writing": "市場",
        "meaningZh": [
          "市场"
        ],
        "partOfSpeech": "名",
        "rawText": "しじょう（市場） [名] 市场",
        "confidence": "high",
        "audioSegment": {
          "id": "l41-v007",
          "trackId": "lesson_words",
          "sourceUrl": "https://japaflow-audio-bucket.oss-cn-shanghai.aliyuncs.com/textbook-audio/book1-unit11/lesson41/lesson_words.mp3",
          "localAudioPath": "data/ocr/audio-cache/lesson41/lesson_words.mp3",
          "itemIndex": 7,
          "text": "しじょう",
          "label": "市場",
          "start": 9.409,
          "end": 10.229,
          "duration": 0.82,
          "speechUnitCount": 1,
          "method": "ffmpeg-silencedetect-order",
          "confidence": "high"
        }
      },
      {
        "id": "l41-v008",
        "kana": "ちょうさ",
        "writing": "調査",
        "meaningZh": [
          "调查"
        ],
        "partOfSpeech": "名",
        "rawText": "ちょうさ（調査） [名] 调查",
        "confidence": "high",
        "audioSegment": {
          "id": "l41-v008",
          "trackId": "lesson_words",
          "sourceUrl": "https://japaflow-audio-bucket.oss-cn-shanghai.aliyuncs.com/textbook-audio/book1-unit11/lesson41/lesson_words.mp3",
          "localAudioPath": "data/ocr/audio-cache/lesson41/lesson_words.mp3",
          "itemIndex": 8,
          "text": "ちょうさ",
          "label": "調査",
          "start": 10.823,
          "end": 11.504,
          "duration": 0.681,
          "speechUnitCount": 1,
          "method": "ffmpeg-silencedetect-order",
          "confidence": "high"
        }
      },
      {
        "id": "l41-v009",
        "kana": "しゅっか",
        "writing": "出荷",
        "meaningZh": [
          "上市",
          "运出货物"
        ],
        "partOfSpeech": "名",
        "rawText": "しゅっか（出荷） [名] 上市，运出货物",
        "confidence": "high",
        "audioSegment": {
          "id": "l41-v009",
          "trackId": "lesson_words",
          "sourceUrl": "https://japaflow-audio-bucket.oss-cn-shanghai.aliyuncs.com/textbook-audio/book1-unit11/lesson41/lesson_words.mp3",
          "localAudioPath": "data/ocr/audio-cache/lesson41/lesson_words.mp3",
          "itemIndex": 9,
          "text": "しゅっか",
          "label": "出荷",
          "start": 12.283,
          "end": 13.126,
          "duration": 0.843,
          "speechUnitCount": 1,
          "method": "ffmpeg-silencedetect-order",
          "confidence": "high"
        }
      },
      {
        "id": "l41-v010",
        "kana": "せいちょう",
        "writing": "成長",
        "meaningZh": [
          "成长"
        ],
        "partOfSpeech": "名",
        "rawText": "せいちょう（成長） [名] 成长",
        "confidence": "high",
        "audioSegment": {
          "id": "l41-v010",
          "trackId": "lesson_words",
          "sourceUrl": "https://japaflow-audio-bucket.oss-cn-shanghai.aliyuncs.com/textbook-audio/book1-unit11/lesson41/lesson_words.mp3",
          "localAudioPath": "data/ocr/audio-cache/lesson41/lesson_words.mp3",
          "itemIndex": 10,
          "text": "せいちょう",
          "label": "成長",
          "start": 13.9,
          "end": 14.95,
          "duration": 1.05,
          "speechUnitCount": 1,
          "method": "ffmpeg-silencedetect-order",
          "confidence": "high"
        }
      },
      {
        "id": "l41-v011",
        "kana": "あらし",
        "writing": "嵐",
        "meaningZh": [
          "暴风雨",
          "风暴"
        ],
        "partOfSpeech": "名",
        "rawText": "あらし（嵐） [名] 暴风雨，风暴",
        "confidence": "high",
        "audioSegment": {
          "id": "l41-v011",
          "trackId": "lesson_words",
          "sourceUrl": "https://japaflow-audio-bucket.oss-cn-shanghai.aliyuncs.com/textbook-audio/book1-unit11/lesson41/lesson_words.mp3",
          "localAudioPath": "data/ocr/audio-cache/lesson41/lesson_words.mp3",
          "itemIndex": 11,
          "text": "あらし",
          "label": "嵐",
          "start": 15.424,
          "end": 16.094,
          "duration": 0.67,
          "speechUnitCount": 1,
          "method": "ffmpeg-silencedetect-order",
          "confidence": "high"
        }
      },
      {
        "id": "l41-v012",
        "kana": "ダイナマイト",
        "writing": "ダイナマイト",
        "meaningZh": [
          "炸药"
        ],
        "partOfSpeech": "名",
        "rawText": "ダイナマイト [名] 炸药",
        "confidence": "high",
        "audioSegment": {
          "id": "l41-v012",
          "trackId": "lesson_words",
          "sourceUrl": "https://japaflow-audio-bucket.oss-cn-shanghai.aliyuncs.com/textbook-audio/book1-unit11/lesson41/lesson_words.mp3",
          "localAudioPath": "data/ocr/audio-cache/lesson41/lesson_words.mp3",
          "itemIndex": 12,
          "text": "ダイナマイト",
          "label": "ダイナマイト",
          "start": 17.449,
          "end": 18.633,
          "duration": 1.184,
          "speechUnitCount": 1,
          "method": "ffmpeg-silencedetect-order",
          "confidence": "high"
        }
      },
      {
        "id": "l41-v013",
        "kana": "ネーミング",
        "writing": "ネーミング",
        "meaningZh": [
          "名称",
          "命名",
          "取名"
        ],
        "partOfSpeech": "名",
        "rawText": "ネーミング [名] 名称，命名，取名",
        "confidence": "high",
        "audioSegment": {
          "id": "l41-v013",
          "trackId": "lesson_words",
          "sourceUrl": "https://japaflow-audio-bucket.oss-cn-shanghai.aliyuncs.com/textbook-audio/book1-unit11/lesson41/lesson_words.mp3",
          "localAudioPath": "data/ocr/audio-cache/lesson41/lesson_words.mp3",
          "itemIndex": 13,
          "text": "ネーミング",
          "label": "ネーミング",
          "start": 19.219,
          "end": 20.237,
          "duration": 1.019,
          "speechUnitCount": 1,
          "method": "ffmpeg-silencedetect-order",
          "confidence": "high"
        }
      },
      {
        "id": "l41-v014",
        "kana": "コストダウン",
        "writing": "コストダウン",
        "meaningZh": [
          "降低成本"
        ],
        "partOfSpeech": "名",
        "rawText": "コストダウン [名] 降低成本",
        "confidence": "high",
        "audioSegment": {
          "id": "l41-v014",
          "trackId": "lesson_words",
          "sourceUrl": "https://japaflow-audio-bucket.oss-cn-shanghai.aliyuncs.com/textbook-audio/book1-unit11/lesson41/lesson_words.mp3",
          "localAudioPath": "data/ocr/audio-cache/lesson41/lesson_words.mp3",
          "itemIndex": 14,
          "text": "コストダウン",
          "label": "コストダウン",
          "start": 21.515,
          "end": 22.61,
          "duration": 1.095,
          "speechUnitCount": 1,
          "method": "ffmpeg-silencedetect-order",
          "confidence": "high"
        }
      },
      {
        "id": "l41-v015",
        "kana": "ていかかく",
        "writing": "低価格",
        "meaningZh": [
          "低价（格）"
        ],
        "partOfSpeech": "名",
        "rawText": "ていかかく（低価格） [名] 低价（格）",
        "confidence": "high",
        "audioSegment": {
          "id": "l41-v015",
          "trackId": "lesson_words",
          "sourceUrl": "https://japaflow-audio-bucket.oss-cn-shanghai.aliyuncs.com/textbook-audio/book1-unit11/lesson41/lesson_words.mp3",
          "localAudioPath": "data/ocr/audio-cache/lesson41/lesson_words.mp3",
          "itemIndex": 15,
          "text": "ていかかく",
          "label": "低価格",
          "start": 23.45,
          "end": 24.357,
          "duration": 0.907,
          "speechUnitCount": 1,
          "method": "ffmpeg-silencedetect-order",
          "confidence": "high"
        }
      },
      {
        "id": "l41-v016",
        "kana": "ぎゅうにく",
        "writing": "牛肉",
        "meaningZh": [
          "牛肉"
        ],
        "partOfSpeech": "名",
        "rawText": "ぎゅうにく（牛肉） [名] 牛肉",
        "confidence": "high",
        "audioSegment": {
          "id": "l41-v016",
          "trackId": "lesson_words",
          "sourceUrl": "https://japaflow-audio-bucket.oss-cn-shanghai.aliyuncs.com/textbook-audio/book1-unit11/lesson41/lesson_words.mp3",
          "localAudioPath": "data/ocr/audio-cache/lesson41/lesson_words.mp3",
          "itemIndex": 16,
          "text": "ぎゅうにく",
          "label": "牛肉",
          "start": 25.858,
          "end": 26.725,
          "duration": 0.867,
          "speechUnitCount": 1,
          "method": "ffmpeg-silencedetect-order",
          "confidence": "high"
        }
      },
      {
        "id": "l41-v017",
        "kana": "いっさくねん／おととし",
        "writing": "一昨年",
        "meaningZh": [
          "前年"
        ],
        "partOfSpeech": "名",
        "rawText": "いっさくねん（一昨年）／おととし [名] 前年",
        "confidence": "high",
        "audioSegment": {
          "id": "l41-v017",
          "trackId": "lesson_words",
          "sourceUrl": "https://japaflow-audio-bucket.oss-cn-shanghai.aliyuncs.com/textbook-audio/book1-unit11/lesson41/lesson_words.mp3",
          "localAudioPath": "data/ocr/audio-cache/lesson41/lesson_words.mp3",
          "itemIndex": 17,
          "text": "いっさくねん／おととし",
          "label": "一昨年",
          "start": 27.702,
          "end": 30.664,
          "duration": 2.962,
          "speechUnitCount": 2,
          "method": "ffmpeg-silencedetect-order",
          "confidence": "high"
        }
      },
      {
        "id": "l41-v018",
        "kana": "さくねん",
        "writing": "昨年",
        "meaningZh": [
          "去年"
        ],
        "partOfSpeech": "名",
        "rawText": "さくねん（昨年） [名] 去年",
        "confidence": "high",
        "audioSegment": {
          "id": "l41-v018",
          "trackId": "lesson_words",
          "sourceUrl": "https://japaflow-audio-bucket.oss-cn-shanghai.aliyuncs.com/textbook-audio/book1-unit11/lesson41/lesson_words.mp3",
          "localAudioPath": "data/ocr/audio-cache/lesson41/lesson_words.mp3",
          "itemIndex": 18,
          "text": "さくねん",
          "label": "昨年",
          "start": 32,
          "end": 32.979,
          "duration": 0.979,
          "speechUnitCount": 1,
          "method": "ffmpeg-silencedetect-order",
          "confidence": "high"
        }
      },
      {
        "id": "l41-v019",
        "kana": "こんご",
        "writing": "今後",
        "meaningZh": [
          "今后"
        ],
        "partOfSpeech": "名",
        "rawText": "こんご（今後） [名] 今后",
        "confidence": "high",
        "audioSegment": {
          "id": "l41-v019",
          "trackId": "lesson_words",
          "sourceUrl": "https://japaflow-audio-bucket.oss-cn-shanghai.aliyuncs.com/textbook-audio/book1-unit11/lesson41/lesson_words.mp3",
          "localAudioPath": "data/ocr/audio-cache/lesson41/lesson_words.mp3",
          "itemIndex": 19,
          "text": "こんご",
          "label": "今後",
          "start": 33.739,
          "end": 34.446,
          "duration": 0.707,
          "speechUnitCount": 1,
          "method": "ffmpeg-silencedetect-order",
          "confidence": "high"
        }
      },
      {
        "id": "l41-v020",
        "kana": "すべて",
        "writing": "すべて",
        "meaningZh": [
          "全部",
          "所有"
        ],
        "partOfSpeech": "名",
        "rawText": "すべて [名] 全部，所有",
        "confidence": "high",
        "audioSegment": {
          "id": "l41-v020",
          "trackId": "lesson_words",
          "sourceUrl": "https://japaflow-audio-bucket.oss-cn-shanghai.aliyuncs.com/textbook-audio/book1-unit11/lesson41/lesson_words.mp3",
          "localAudioPath": "data/ocr/audio-cache/lesson41/lesson_words.mp3",
          "itemIndex": 20,
          "text": "すべて",
          "label": "すべて",
          "start": 35.246,
          "end": 35.963,
          "duration": 0.717,
          "speechUnitCount": 1,
          "method": "ffmpeg-silencedetect-order",
          "confidence": "high"
        }
      },
      {
        "id": "l41-v021",
        "kana": "びしょぬれ",
        "writing": "びしょぬれ",
        "meaningZh": [
          "落汤鸡",
          "湿透",
          "濡湿"
        ],
        "partOfSpeech": "名",
        "rawText": "びしょぬれ [名] 落汤鸡，湿透，濡湿",
        "confidence": "high",
        "audioSegment": {
          "id": "l41-v021",
          "trackId": "lesson_words",
          "sourceUrl": "https://japaflow-audio-bucket.oss-cn-shanghai.aliyuncs.com/textbook-audio/book1-unit11/lesson41/lesson_words.mp3",
          "localAudioPath": "data/ocr/audio-cache/lesson41/lesson_words.mp3",
          "itemIndex": 21,
          "text": "びしょぬれ",
          "label": "びしょぬれ",
          "start": 36.73,
          "end": 37.563,
          "duration": 0.833,
          "speechUnitCount": 1,
          "method": "ffmpeg-silencedetect-order",
          "confidence": "high"
        }
      },
      {
        "id": "l41-v022",
        "kana": "みりょく",
        "writing": "魅力",
        "meaningZh": [
          "吸引力",
          "魅力"
        ],
        "partOfSpeech": "名",
        "rawText": "みりょく（魅力） [名] 吸引力，魅力",
        "confidence": "high",
        "audioSegment": {
          "id": "l41-v022",
          "trackId": "lesson_words",
          "sourceUrl": "https://japaflow-audio-bucket.oss-cn-shanghai.aliyuncs.com/textbook-audio/book1-unit11/lesson41/lesson_words.mp3",
          "localAudioPath": "data/ocr/audio-cache/lesson41/lesson_words.mp3",
          "itemIndex": 22,
          "text": "みりょく",
          "label": "魅力",
          "start": 39.15,
          "end": 39.908,
          "duration": 0.758,
          "speechUnitCount": 1,
          "method": "ffmpeg-silencedetect-order",
          "confidence": "high"
        }
      },
      {
        "id": "l41-v023",
        "kana": "おしょくじけん",
        "writing": "汚職事件",
        "meaningZh": [
          "贪污事件"
        ],
        "partOfSpeech": "名",
        "rawText": "おしょくじけん（汚職事件） [名] 贪污事件",
        "confidence": "high",
        "audioSegment": {
          "id": "l41-v023",
          "trackId": "lesson_words",
          "sourceUrl": "https://japaflow-audio-bucket.oss-cn-shanghai.aliyuncs.com/textbook-audio/book1-unit11/lesson41/lesson_words.mp3",
          "localAudioPath": "data/ocr/audio-cache/lesson41/lesson_words.mp3",
          "itemIndex": 23,
          "text": "おしょくじけん",
          "label": "汚職事件",
          "start": 41.106,
          "end": 42.144,
          "duration": 1.038,
          "speechUnitCount": 1,
          "method": "ffmpeg-silencedetect-order",
          "confidence": "high"
        }
      },
      {
        "id": "l41-v024",
        "kana": "しじょうちょうさ",
        "writing": "市場調査",
        "meaningZh": [
          "市场调查"
        ],
        "partOfSpeech": "名",
        "rawText": "しじょうちょうさ（市場調査） [名] 市场调查",
        "confidence": "high",
        "audioSegment": {
          "id": "l41-v024",
          "trackId": "lesson_words",
          "sourceUrl": "https://japaflow-audio-bucket.oss-cn-shanghai.aliyuncs.com/textbook-audio/book1-unit11/lesson41/lesson_words.mp3",
          "localAudioPath": "data/ocr/audio-cache/lesson41/lesson_words.mp3",
          "itemIndex": 24,
          "text": "しじょうちょうさ",
          "label": "市場調査",
          "start": 43.475,
          "end": 44.72,
          "duration": 1.245,
          "speechUnitCount": 1,
          "method": "ffmpeg-silencedetect-order",
          "confidence": "high"
        }
      },
      {
        "id": "l41-v025",
        "kana": "こうつうじじょう",
        "writing": "交通事情",
        "meaningZh": [
          "交通状况"
        ],
        "partOfSpeech": "名",
        "rawText": "こうつうじじょう（交通事情） [名] 交通状况",
        "confidence": "high",
        "audioSegment": {
          "id": "l41-v025",
          "trackId": "lesson_words",
          "sourceUrl": "https://japaflow-audio-bucket.oss-cn-shanghai.aliyuncs.com/textbook-audio/book1-unit11/lesson41/lesson_words.mp3",
          "localAudioPath": "data/ocr/audio-cache/lesson41/lesson_words.mp3",
          "itemIndex": 25,
          "text": "こうつうじじょう",
          "label": "交通事情",
          "start": 45.651,
          "end": 46.835,
          "duration": 1.184,
          "speechUnitCount": 1,
          "method": "ffmpeg-silencedetect-order",
          "confidence": "high"
        }
      },
      {
        "id": "l41-v026",
        "kana": "ごうべんがいしゃ",
        "writing": "合弁会社",
        "meaningZh": [
          "合资公司"
        ],
        "partOfSpeech": "名",
        "rawText": "ごうべんがいしゃ（合弁会社） [名] 合资公司",
        "confidence": "high",
        "audioSegment": {
          "id": "l41-v026",
          "trackId": "lesson_words",
          "sourceUrl": "https://japaflow-audio-bucket.oss-cn-shanghai.aliyuncs.com/textbook-audio/book1-unit11/lesson41/lesson_words.mp3",
          "localAudioPath": "data/ocr/audio-cache/lesson41/lesson_words.mp3",
          "itemIndex": 26,
          "text": "ごうべんがいしゃ",
          "label": "合弁会社",
          "start": 48.043,
          "end": 49.187,
          "duration": 1.144,
          "speechUnitCount": 1,
          "method": "ffmpeg-silencedetect-order",
          "confidence": "high"
        }
      },
      {
        "id": "l41-v027",
        "kana": "しかります",
        "writing": "しかります",
        "meaningZh": [
          "训",
          "责备",
          "斥责"
        ],
        "partOfSpeech": "动1",
        "rawText": "しかります [动1] 训，责备，斥责",
        "confidence": "high",
        "audioSegment": {
          "id": "l41-v027",
          "trackId": "lesson_words",
          "sourceUrl": "https://japaflow-audio-bucket.oss-cn-shanghai.aliyuncs.com/textbook-audio/book1-unit11/lesson41/lesson_words.mp3",
          "localAudioPath": "data/ocr/audio-cache/lesson41/lesson_words.mp3",
          "itemIndex": 27,
          "text": "しかります",
          "label": "しかります",
          "start": 49.835,
          "end": 50.86,
          "duration": 1.025,
          "speechUnitCount": 1,
          "method": "ffmpeg-silencedetect-order",
          "confidence": "high"
        }
      },
      {
        "id": "l41-v028",
        "kana": "かみます",
        "writing": "かみます",
        "meaningZh": [
          "咬",
          "嚼"
        ],
        "partOfSpeech": "动1",
        "rawText": "かみます [动1] 咬，嚼",
        "confidence": "high",
        "audioSegment": {
          "id": "l41-v028",
          "trackId": "lesson_words",
          "sourceUrl": "https://japaflow-audio-bucket.oss-cn-shanghai.aliyuncs.com/textbook-audio/book1-unit11/lesson41/lesson_words.mp3",
          "localAudioPath": "data/ocr/audio-cache/lesson41/lesson_words.mp3",
          "itemIndex": 28,
          "text": "かみます",
          "label": "かみます",
          "start": 51.393,
          "end": 52.355,
          "duration": 0.962,
          "speechUnitCount": 1,
          "method": "ffmpeg-silencedetect-order",
          "confidence": "high"
        }
      },
      {
        "id": "l41-v029",
        "kana": "さそいます",
        "writing": "誘います",
        "meaningZh": [
          "邀请",
          "约请"
        ],
        "partOfSpeech": "动1",
        "rawText": "さそいます（誘います） [动1] 邀请，约请",
        "confidence": "high",
        "audioSegment": {
          "id": "l41-v029",
          "trackId": "lesson_words",
          "sourceUrl": "https://japaflow-audio-bucket.oss-cn-shanghai.aliyuncs.com/textbook-audio/book1-unit11/lesson41/lesson_words.mp3",
          "localAudioPath": "data/ocr/audio-cache/lesson41/lesson_words.mp3",
          "itemIndex": 29,
          "text": "さそいます",
          "label": "誘います",
          "start": 53.039,
          "end": 54.122,
          "duration": 1.083,
          "speechUnitCount": 1,
          "method": "ffmpeg-silencedetect-order",
          "confidence": "high"
        }
      },
      {
        "id": "l41-v030",
        "kana": "まきこみます",
        "writing": "巻き込みます",
        "meaningZh": [
          "卷入",
          "卷进"
        ],
        "partOfSpeech": "动1",
        "rawText": "まきこみます（巻き込みます） [动1] 卷入，卷进",
        "confidence": "high",
        "audioSegment": {
          "id": "l41-v030",
          "trackId": "lesson_words",
          "sourceUrl": "https://japaflow-audio-bucket.oss-cn-shanghai.aliyuncs.com/textbook-audio/book1-unit11/lesson41/lesson_words.mp3",
          "localAudioPath": "data/ocr/audio-cache/lesson41/lesson_words.mp3",
          "itemIndex": 30,
          "text": "まきこみます",
          "label": "巻き込みます",
          "start": 54.852,
          "end": 56.156,
          "duration": 1.304,
          "speechUnitCount": 1,
          "method": "ffmpeg-silencedetect-order",
          "confidence": "high"
        }
      },
      {
        "id": "l41-v031",
        "kana": "いたります",
        "writing": "至ります",
        "meaningZh": [
          "到达",
          "达到"
        ],
        "partOfSpeech": "动1",
        "rawText": "いたります（至ります） [动1] 到达，达到",
        "confidence": "high",
        "audioSegment": {
          "id": "l41-v031",
          "trackId": "lesson_words",
          "sourceUrl": "https://japaflow-audio-bucket.oss-cn-shanghai.aliyuncs.com/textbook-audio/book1-unit11/lesson41/lesson_words.mp3",
          "localAudioPath": "data/ocr/audio-cache/lesson41/lesson_words.mp3",
          "itemIndex": 31,
          "text": "いたります",
          "label": "至ります",
          "start": 56.887,
          "end": 57.891,
          "duration": 1.004,
          "speechUnitCount": 1,
          "method": "ffmpeg-silencedetect-order",
          "confidence": "high"
        }
      },
      {
        "id": "l41-v032",
        "kana": "みつかります",
        "writing": "見つかります",
        "meaningZh": [
          "找到",
          "发现"
        ],
        "partOfSpeech": "动1",
        "rawText": "みつかります（見つかります） [动1] 找到，发现",
        "confidence": "high",
        "audioSegment": {
          "id": "l41-v032",
          "trackId": "lesson_words",
          "sourceUrl": "https://japaflow-audio-bucket.oss-cn-shanghai.aliyuncs.com/textbook-audio/book1-unit11/lesson41/lesson_words.mp3",
          "localAudioPath": "data/ocr/audio-cache/lesson41/lesson_words.mp3",
          "itemIndex": 32,
          "text": "みつかります",
          "label": "見つかります",
          "start": 58.393,
          "end": 59.6,
          "duration": 1.207,
          "speechUnitCount": 1,
          "method": "ffmpeg-silencedetect-order",
          "confidence": "high"
        }
      },
      {
        "id": "l41-v033",
        "kana": "ふみます",
        "writing": "踏みます",
        "meaningZh": [
          "踩",
          "踏"
        ],
        "partOfSpeech": "动1",
        "rawText": "ふみます（踏みます） [动1] 踩，踏",
        "confidence": "high",
        "audioSegment": {
          "id": "l41-v033",
          "trackId": "lesson_words",
          "sourceUrl": "https://japaflow-audio-bucket.oss-cn-shanghai.aliyuncs.com/textbook-audio/book1-unit11/lesson41/lesson_words.mp3",
          "localAudioPath": "data/ocr/audio-cache/lesson41/lesson_words.mp3",
          "itemIndex": 33,
          "text": "ふみます",
          "label": "踏みます",
          "start": 60.09,
          "end": 61.015,
          "duration": 0.926,
          "speechUnitCount": 1,
          "method": "ffmpeg-silencedetect-order",
          "confidence": "high"
        }
      },
      {
        "id": "l41-v034",
        "kana": "はかります",
        "writing": "図ります",
        "meaningZh": [
          "谋求",
          "考虑"
        ],
        "partOfSpeech": "动1",
        "rawText": "はかります（図ります） [动1] 谋求，考虑",
        "confidence": "high",
        "audioSegment": {
          "id": "l41-v034",
          "trackId": "lesson_words",
          "sourceUrl": "https://japaflow-audio-bucket.oss-cn-shanghai.aliyuncs.com/textbook-audio/book1-unit11/lesson41/lesson_words.mp3",
          "localAudioPath": "data/ocr/audio-cache/lesson41/lesson_words.mp3",
          "itemIndex": 34,
          "text": "はかります",
          "label": "図ります",
          "start": 61.52,
          "end": 62.559,
          "duration": 1.04,
          "speechUnitCount": 1,
          "method": "ffmpeg-silencedetect-order",
          "confidence": "high"
        }
      },
      {
        "id": "l41-v035",
        "kana": "みこみます",
        "writing": "見込みます",
        "meaningZh": [
          "预料",
          "估计"
        ],
        "partOfSpeech": "动1",
        "rawText": "みこみます（見込みます） [动1] 预料，估计",
        "confidence": "high",
        "audioSegment": {
          "id": "l41-v035",
          "trackId": "lesson_words",
          "sourceUrl": "https://japaflow-audio-bucket.oss-cn-shanghai.aliyuncs.com/textbook-audio/book1-unit11/lesson41/lesson_words.mp3",
          "localAudioPath": "data/ocr/audio-cache/lesson41/lesson_words.mp3",
          "itemIndex": 35,
          "text": "みこみます",
          "label": "見込みます",
          "start": 63.061,
          "end": 64.142,
          "duration": 1.082,
          "speechUnitCount": 1,
          "method": "ffmpeg-silencedetect-order",
          "confidence": "high"
        }
      },
      {
        "id": "l41-v036",
        "kana": "ぬすみます",
        "writing": "盗みます",
        "meaningZh": [
          "盗取",
          "偷盗"
        ],
        "partOfSpeech": "动1",
        "rawText": "ぬすみます（盗みます） [动1] 盗取，偷盗",
        "confidence": "high",
        "audioSegment": {
          "id": "l41-v036",
          "trackId": "lesson_words",
          "sourceUrl": "https://japaflow-audio-bucket.oss-cn-shanghai.aliyuncs.com/textbook-audio/book1-unit11/lesson41/lesson_words.mp3",
          "localAudioPath": "data/ocr/audio-cache/lesson41/lesson_words.mp3",
          "itemIndex": 36,
          "text": "ぬすみます",
          "label": "盗みます",
          "start": 65.25,
          "end": 66.315,
          "duration": 1.064,
          "speechUnitCount": 1,
          "method": "ffmpeg-silencedetect-order",
          "confidence": "high"
        }
      },
      {
        "id": "l41-v037",
        "kana": "おこします",
        "writing": "起こします",
        "meaningZh": [
          "叫醒",
          "唤醒"
        ],
        "partOfSpeech": "动1",
        "rawText": "おこします（起こします） [动1] 叫醒，唤醒",
        "confidence": "high",
        "audioSegment": {
          "id": "l41-v037",
          "trackId": "lesson_words",
          "sourceUrl": "https://japaflow-audio-bucket.oss-cn-shanghai.aliyuncs.com/textbook-audio/book1-unit11/lesson41/lesson_words.mp3",
          "localAudioPath": "data/ocr/audio-cache/lesson41/lesson_words.mp3",
          "itemIndex": 37,
          "text": "おこします",
          "label": "起こします",
          "start": 66.999,
          "end": 68.053,
          "duration": 1.054,
          "speechUnitCount": 1,
          "method": "ffmpeg-silencedetect-order",
          "confidence": "high"
        }
      },
      {
        "id": "l41-v038",
        "kana": "ほめます",
        "writing": "ほめます",
        "meaningZh": [
          "表扬",
          "赞扬"
        ],
        "partOfSpeech": "动2",
        "rawText": "ほめます [动2] 表扬，赞扬",
        "confidence": "high",
        "audioSegment": {
          "id": "l41-v038",
          "trackId": "lesson_words",
          "sourceUrl": "https://japaflow-audio-bucket.oss-cn-shanghai.aliyuncs.com/textbook-audio/book1-unit11/lesson41/lesson_words.mp3",
          "localAudioPath": "data/ocr/audio-cache/lesson41/lesson_words.mp3",
          "itemIndex": 38,
          "text": "ほめます",
          "label": "ほめます",
          "start": 68.565,
          "end": 69.455,
          "duration": 0.89,
          "speechUnitCount": 1,
          "method": "ffmpeg-silencedetect-order",
          "confidence": "high"
        }
      },
      {
        "id": "l41-v039",
        "kana": "もとめます",
        "writing": "求めます",
        "meaningZh": [
          "要求",
          "追求",
          "寻求"
        ],
        "partOfSpeech": "动2",
        "rawText": "もとめます（求めます） [动2] 要求；追求，寻求",
        "confidence": "high",
        "audioSegment": {
          "id": "l41-v039",
          "trackId": "lesson_words",
          "sourceUrl": "https://japaflow-audio-bucket.oss-cn-shanghai.aliyuncs.com/textbook-audio/book1-unit11/lesson41/lesson_words.mp3",
          "localAudioPath": "data/ocr/audio-cache/lesson41/lesson_words.mp3",
          "itemIndex": 39,
          "text": "もとめます",
          "label": "求めます",
          "start": 70.84,
          "end": 71.942,
          "duration": 1.102,
          "speechUnitCount": 1,
          "method": "ffmpeg-silencedetect-order",
          "confidence": "high"
        }
      },
      {
        "id": "l41-v040",
        "kana": "いじめます",
        "writing": "いじめます",
        "meaningZh": [
          "欺负",
          "折磨",
          "欺侮"
        ],
        "partOfSpeech": "动2",
        "rawText": "いじめます [动2] 欺负，折磨，欺侮",
        "confidence": "high",
        "audioSegment": {
          "id": "l41-v040",
          "trackId": "lesson_words",
          "sourceUrl": "https://japaflow-audio-bucket.oss-cn-shanghai.aliyuncs.com/textbook-audio/book1-unit11/lesson41/lesson_words.mp3",
          "localAudioPath": "data/ocr/audio-cache/lesson41/lesson_words.mp3",
          "itemIndex": 40,
          "text": "いじめます",
          "label": "いじめます",
          "start": 72.544,
          "end": 73.586,
          "duration": 1.042,
          "speechUnitCount": 1,
          "method": "ffmpeg-silencedetect-order",
          "confidence": "high"
        }
      },
      {
        "id": "l41-v041",
        "kana": "ぶつけます",
        "writing": "ぶつけます",
        "meaningZh": [
          "碰上",
          "撞上",
          "扔",
          "投",
          "摔"
        ],
        "partOfSpeech": "动2",
        "rawText": "ぶつけます [动2] 碰上，撞上，扔，投，摔",
        "confidence": "high",
        "audioSegment": {
          "id": "l41-v041",
          "trackId": "lesson_words",
          "sourceUrl": "https://japaflow-audio-bucket.oss-cn-shanghai.aliyuncs.com/textbook-audio/book1-unit11/lesson41/lesson_words.mp3",
          "localAudioPath": "data/ocr/audio-cache/lesson41/lesson_words.mp3",
          "itemIndex": 41,
          "text": "ぶつけます",
          "label": "ぶつけます",
          "start": 74.11,
          "end": 75.228,
          "duration": 1.119,
          "speechUnitCount": 1,
          "method": "ffmpeg-silencedetect-order",
          "confidence": "high"
        }
      },
      {
        "id": "l41-v042",
        "kana": "はっけんします",
        "writing": "発見します",
        "meaningZh": [
          "发现"
        ],
        "partOfSpeech": "动3",
        "rawText": "はっけんします（発見〜） [动3] 发现",
        "confidence": "high",
        "audioSegment": {
          "id": "l41-v042",
          "trackId": "lesson_words",
          "sourceUrl": "https://japaflow-audio-bucket.oss-cn-shanghai.aliyuncs.com/textbook-audio/book1-unit11/lesson41/lesson_words.mp3",
          "localAudioPath": "data/ocr/audio-cache/lesson41/lesson_words.mp3",
          "itemIndex": 42,
          "text": "はっけんします",
          "label": "発見します",
          "start": 75.926,
          "end": 77.362,
          "duration": 1.436,
          "speechUnitCount": 1,
          "method": "ffmpeg-silencedetect-order",
          "confidence": "high"
        }
      },
      {
        "id": "l41-v043",
        "kana": "じしょくします",
        "writing": "辞職します",
        "meaningZh": [
          "辞职"
        ],
        "partOfSpeech": "动3",
        "rawText": "じしょくします（辞職〜） [动3] 辞职",
        "confidence": "high",
        "audioSegment": {
          "id": "l41-v043",
          "trackId": "lesson_words",
          "sourceUrl": "https://japaflow-audio-bucket.oss-cn-shanghai.aliyuncs.com/textbook-audio/book1-unit11/lesson41/lesson_words.mp3",
          "localAudioPath": "data/ocr/audio-cache/lesson41/lesson_words.mp3",
          "itemIndex": 43,
          "text": "じしょくします",
          "label": "辞職します",
          "start": 77.806,
          "end": 79.018,
          "duration": 1.212,
          "speechUnitCount": 1,
          "method": "ffmpeg-silencedetect-order",
          "confidence": "high"
        }
      },
      {
        "id": "l41-v044",
        "kana": "そうりつします",
        "writing": "創立します",
        "meaningZh": [
          "成立",
          "创立"
        ],
        "partOfSpeech": "动3",
        "rawText": "そうりつします（創立〜） [动3] 成立，创立",
        "confidence": "high",
        "audioSegment": {
          "id": "l41-v044",
          "trackId": "lesson_words",
          "sourceUrl": "https://japaflow-audio-bucket.oss-cn-shanghai.aliyuncs.com/textbook-audio/book1-unit11/lesson41/lesson_words.mp3",
          "localAudioPath": "data/ocr/audio-cache/lesson41/lesson_words.mp3",
          "itemIndex": 44,
          "text": "そうりつします",
          "label": "創立します",
          "start": 79.403,
          "end": 80.912,
          "duration": 1.509,
          "speechUnitCount": 1,
          "method": "ffmpeg-silencedetect-order",
          "confidence": "high"
        }
      },
      {
        "id": "l41-v045",
        "kana": "いらいします",
        "writing": "依頼します",
        "meaningZh": [
          "委托",
          "请求"
        ],
        "partOfSpeech": "动3",
        "rawText": "いらいします（依頼〜） [动3] 委托，请求",
        "confidence": "high",
        "audioSegment": {
          "id": "l41-v045",
          "trackId": "lesson_words",
          "sourceUrl": "https://japaflow-audio-bucket.oss-cn-shanghai.aliyuncs.com/textbook-audio/book1-unit11/lesson41/lesson_words.mp3",
          "localAudioPath": "data/ocr/audio-cache/lesson41/lesson_words.mp3",
          "itemIndex": 45,
          "text": "いらいします",
          "label": "依頼します",
          "start": 81.362,
          "end": 82.547,
          "duration": 1.185,
          "speechUnitCount": 1,
          "method": "ffmpeg-silencedetect-order",
          "confidence": "high"
        }
      },
      {
        "id": "l41-v046",
        "kana": "はつばいします",
        "writing": "発売します",
        "meaningZh": [
          "上市",
          "发售",
          "出售"
        ],
        "partOfSpeech": "动3",
        "rawText": "はつばいします（発売〜） [动3] 上市，发售，出售",
        "confidence": "high",
        "audioSegment": {
          "id": "l41-v046",
          "trackId": "lesson_words",
          "sourceUrl": "https://japaflow-audio-bucket.oss-cn-shanghai.aliyuncs.com/textbook-audio/book1-unit11/lesson41/lesson_words.mp3",
          "localAudioPath": "data/ocr/audio-cache/lesson41/lesson_words.mp3",
          "itemIndex": 46,
          "text": "はつばいします",
          "label": "発売します",
          "start": 83.023,
          "end": 84.446,
          "duration": 1.423,
          "speechUnitCount": 1,
          "method": "ffmpeg-silencedetect-order",
          "confidence": "high"
        }
      },
      {
        "id": "l41-v047",
        "kana": "かいはつします",
        "writing": "開発します",
        "meaningZh": [
          "开发"
        ],
        "partOfSpeech": "动3",
        "rawText": "かいはつします（開発〜） [动3] 开发",
        "confidence": "high",
        "audioSegment": {
          "id": "l41-v047",
          "trackId": "lesson_words",
          "sourceUrl": "https://japaflow-audio-bucket.oss-cn-shanghai.aliyuncs.com/textbook-audio/book1-unit11/lesson41/lesson_words.mp3",
          "localAudioPath": "data/ocr/audio-cache/lesson41/lesson_words.mp3",
          "itemIndex": 47,
          "text": "かいはつします",
          "label": "開発します",
          "start": 84.956,
          "end": 86.256,
          "duration": 1.3,
          "speechUnitCount": 1,
          "method": "ffmpeg-silencedetect-order",
          "confidence": "high"
        }
      },
      {
        "id": "l41-v048",
        "kana": "せいぞうします",
        "writing": "製造します",
        "meaningZh": [
          "生产",
          "制造"
        ],
        "partOfSpeech": "动3",
        "rawText": "せいぞうします（製造〜） [动3] 生产，制造",
        "confidence": "high",
        "audioSegment": {
          "id": "l41-v048",
          "trackId": "lesson_words",
          "sourceUrl": "https://japaflow-audio-bucket.oss-cn-shanghai.aliyuncs.com/textbook-audio/book1-unit11/lesson41/lesson_words.mp3",
          "localAudioPath": "data/ocr/audio-cache/lesson41/lesson_words.mp3",
          "itemIndex": 48,
          "text": "せいぞうします",
          "label": "製造します",
          "start": 87.077,
          "end": 88.553,
          "duration": 1.476,
          "speechUnitCount": 1,
          "method": "ffmpeg-silencedetect-order",
          "confidence": "high"
        }
      },
      {
        "id": "l41-v049",
        "kana": "かんりします",
        "writing": "管理します",
        "meaningZh": [
          "管理"
        ],
        "partOfSpeech": "动3",
        "rawText": "かんりします（管理〜） [动3] 管理",
        "confidence": "high",
        "audioSegment": {
          "id": "l41-v049",
          "trackId": "lesson_words",
          "sourceUrl": "https://japaflow-audio-bucket.oss-cn-shanghai.aliyuncs.com/textbook-audio/book1-unit11/lesson41/lesson_words.mp3",
          "localAudioPath": "data/ocr/audio-cache/lesson41/lesson_words.mp3",
          "itemIndex": 49,
          "text": "かんりします",
          "label": "管理します",
          "start": 88.981,
          "end": 90.217,
          "duration": 1.236,
          "speechUnitCount": 1,
          "method": "ffmpeg-silencedetect-order",
          "confidence": "high"
        }
      },
      {
        "id": "l41-v050",
        "kana": "じつげんします",
        "writing": "実現します",
        "meaningZh": [
          "实现"
        ],
        "partOfSpeech": "动3",
        "rawText": "じつげんします（実現〜） [动3] 实现",
        "confidence": "high",
        "audioSegment": {
          "id": "l41-v050",
          "trackId": "lesson_words",
          "sourceUrl": "https://japaflow-audio-bucket.oss-cn-shanghai.aliyuncs.com/textbook-audio/book1-unit11/lesson41/lesson_words.mp3",
          "localAudioPath": "data/ocr/audio-cache/lesson41/lesson_words.mp3",
          "itemIndex": 50,
          "text": "じつげんします",
          "label": "実現します",
          "start": 90.962,
          "end": 92.455,
          "duration": 1.493,
          "speechUnitCount": 1,
          "method": "ffmpeg-silencedetect-order",
          "confidence": "high"
        }
      },
      {
        "id": "l41-v051",
        "kana": "せんれんします",
        "writing": "洗練します",
        "meaningZh": [
          "精炼",
          "洗练"
        ],
        "partOfSpeech": "动3",
        "rawText": "せんれんします（洗練〜） [动3] 精炼，洗练",
        "confidence": "high",
        "audioSegment": {
          "id": "l41-v051",
          "trackId": "lesson_words",
          "sourceUrl": "https://japaflow-audio-bucket.oss-cn-shanghai.aliyuncs.com/textbook-audio/book1-unit11/lesson41/lesson_words.mp3",
          "localAudioPath": "data/ocr/audio-cache/lesson41/lesson_words.mp3",
          "itemIndex": 51,
          "text": "せんれんします",
          "label": "洗練します",
          "start": 92.732,
          "end": 94.064,
          "duration": 1.332,
          "speechUnitCount": 1,
          "method": "ffmpeg-silencedetect-order",
          "confidence": "high"
        }
      },
      {
        "id": "l41-v052",
        "kana": "ほうそうします",
        "writing": "放送します",
        "meaningZh": [
          "广播",
          "播送"
        ],
        "partOfSpeech": "动3",
        "rawText": "ほうそうします（放送〜） [动3] 广播，播送",
        "confidence": "high",
        "audioSegment": {
          "id": "l41-v052",
          "trackId": "lesson_words",
          "sourceUrl": "https://japaflow-audio-bucket.oss-cn-shanghai.aliyuncs.com/textbook-audio/book1-unit11/lesson41/lesson_words.mp3",
          "localAudioPath": "data/ocr/audio-cache/lesson41/lesson_words.mp3",
          "itemIndex": 52,
          "text": "ほうそうします",
          "label": "放送します",
          "start": 94.659,
          "end": 96.016,
          "duration": 1.357,
          "speechUnitCount": 1,
          "method": "ffmpeg-silencedetect-order",
          "confidence": "high"
        }
      },
      {
        "id": "l41-v053",
        "kana": "せいさんします",
        "writing": "生産します",
        "meaningZh": [
          "生产"
        ],
        "partOfSpeech": "动3",
        "rawText": "せいさんします（生産〜） [动3] 生产",
        "confidence": "high",
        "audioSegment": {
          "id": "l41-v053",
          "trackId": "lesson_words",
          "sourceUrl": "https://japaflow-audio-bucket.oss-cn-shanghai.aliyuncs.com/textbook-audio/book1-unit11/lesson41/lesson_words.mp3",
          "localAudioPath": "data/ocr/audio-cache/lesson41/lesson_words.mp3",
          "itemIndex": 53,
          "text": "せいさんします",
          "label": "生産します",
          "start": 96.275,
          "end": 97.671,
          "duration": 1.396,
          "speechUnitCount": 1,
          "method": "ffmpeg-silencedetect-order",
          "confidence": "high"
        }
      },
      {
        "id": "l41-v054",
        "kana": "ほんやくします",
        "writing": "翻訳します",
        "meaningZh": [
          "翻译",
          "笔译"
        ],
        "partOfSpeech": "动3",
        "rawText": "ほんやくします（翻訳〜） [动3] 翻译，笔译",
        "confidence": "high",
        "audioSegment": {
          "id": "l41-v054",
          "trackId": "lesson_words",
          "sourceUrl": "https://japaflow-audio-bucket.oss-cn-shanghai.aliyuncs.com/textbook-audio/book1-unit11/lesson41/lesson_words.mp3",
          "localAudioPath": "data/ocr/audio-cache/lesson41/lesson_words.mp3",
          "itemIndex": 54,
          "text": "ほんやくします",
          "label": "翻訳します",
          "start": 98.383,
          "end": 99.646,
          "duration": 1.263,
          "speechUnitCount": 1,
          "method": "ffmpeg-silencedetect-order",
          "confidence": "high"
        }
      },
      {
        "id": "l41-v055",
        "kana": "はつめいします",
        "writing": "発明します",
        "meaningZh": [
          "发明"
        ],
        "partOfSpeech": "动3",
        "rawText": "はつめいします（発明〜） [动3] 发明",
        "confidence": "high",
        "audioSegment": {
          "id": "l41-v055",
          "trackId": "lesson_words",
          "sourceUrl": "https://japaflow-audio-bucket.oss-cn-shanghai.aliyuncs.com/textbook-audio/book1-unit11/lesson41/lesson_words.mp3",
          "localAudioPath": "data/ocr/audio-cache/lesson41/lesson_words.mp3",
          "itemIndex": 55,
          "text": "はつめいします",
          "label": "発明します",
          "start": 100.13,
          "end": 101.472,
          "duration": 1.342,
          "speechUnitCount": 1,
          "method": "ffmpeg-silencedetect-order",
          "confidence": "high"
        }
      },
      {
        "id": "l41-v056",
        "kana": "はばひろい",
        "writing": "幅広い",
        "meaningZh": [
          "广泛",
          "宽广",
          "辽阔"
        ],
        "partOfSpeech": "形1",
        "rawText": "はばひろい（幅広い） [形1] 广泛，宽广，辽阔",
        "confidence": "high",
        "audioSegment": {
          "id": "l41-v056",
          "trackId": "lesson_words",
          "sourceUrl": "https://japaflow-audio-bucket.oss-cn-shanghai.aliyuncs.com/textbook-audio/book1-unit11/lesson41/lesson_words.mp3",
          "localAudioPath": "data/ocr/audio-cache/lesson41/lesson_words.mp3",
          "itemIndex": 56,
          "text": "はばひろい",
          "label": "幅広い",
          "start": 102.191,
          "end": 103.207,
          "duration": 1.016,
          "speechUnitCount": 1,
          "method": "ffmpeg-silencedetect-order",
          "confidence": "high"
        }
      },
      {
        "id": "l41-v057",
        "kana": "おおはば",
        "writing": "大幅",
        "meaningZh": [
          "大幅（度）",
          "广泛"
        ],
        "partOfSpeech": "形2",
        "rawText": "おおはば（大幅） [形2] 大幅（度），广泛",
        "confidence": "high",
        "audioSegment": {
          "id": "l41-v057",
          "trackId": "lesson_words",
          "sourceUrl": "https://japaflow-audio-bucket.oss-cn-shanghai.aliyuncs.com/textbook-audio/book1-unit11/lesson41/lesson_words.mp3",
          "localAudioPath": "data/ocr/audio-cache/lesson41/lesson_words.mp3",
          "itemIndex": 57,
          "text": "おおはば",
          "label": "大幅",
          "start": 103.981,
          "end": 104.757,
          "duration": 0.776,
          "speechUnitCount": 1,
          "method": "ffmpeg-silencedetect-order",
          "confidence": "high"
        }
      },
      {
        "id": "l41-v058",
        "kana": "たいりょう",
        "writing": "大量",
        "meaningZh": [
          "大量"
        ],
        "partOfSpeech": "形2",
        "rawText": "たいりょう（大量） [形2] 大量",
        "confidence": "high",
        "audioSegment": {
          "id": "l41-v058",
          "trackId": "lesson_words",
          "sourceUrl": "https://japaflow-audio-bucket.oss-cn-shanghai.aliyuncs.com/textbook-audio/book1-unit11/lesson41/lesson_words.mp3",
          "localAudioPath": "data/ocr/audio-cache/lesson41/lesson_words.mp3",
          "itemIndex": 58,
          "text": "たいりょう",
          "label": "大量",
          "start": 105.558,
          "end": 106.484,
          "duration": 0.926,
          "speechUnitCount": 1,
          "method": "ffmpeg-silencedetect-order",
          "confidence": "high"
        }
      },
      {
        "id": "l41-v059",
        "kana": "もっとも",
        "writing": "最も",
        "meaningZh": [
          "最"
        ],
        "partOfSpeech": "副",
        "rawText": "もっとも（最も） [副] 最",
        "confidence": "high",
        "audioSegment": {
          "id": "l41-v059",
          "trackId": "lesson_words",
          "sourceUrl": "https://japaflow-audio-bucket.oss-cn-shanghai.aliyuncs.com/textbook-audio/book1-unit11/lesson41/lesson_words.mp3",
          "localAudioPath": "data/ocr/audio-cache/lesson41/lesson_words.mp3",
          "itemIndex": 59,
          "text": "もっとも",
          "label": "最も",
          "start": 106.992,
          "end": 107.806,
          "duration": 0.814,
          "speechUnitCount": 1,
          "method": "ffmpeg-silencedetect-order",
          "confidence": "high"
        }
      },
      {
        "id": "l41-v060",
        "kana": "いやあ",
        "writing": "いやあ",
        "meaningZh": [
          "哎呀"
        ],
        "partOfSpeech": "叹",
        "rawText": "いやあ [叹] 哎呀",
        "confidence": "high",
        "audioSegment": {
          "id": "l41-v060",
          "trackId": "lesson_words",
          "sourceUrl": "https://japaflow-audio-bucket.oss-cn-shanghai.aliyuncs.com/textbook-audio/book1-unit11/lesson41/lesson_words.mp3",
          "localAudioPath": "data/ocr/audio-cache/lesson41/lesson_words.mp3",
          "itemIndex": 60,
          "text": "いやあ",
          "label": "いやあ",
          "start": 108.912,
          "end": 109.628,
          "duration": 0.716,
          "speechUnitCount": 1,
          "method": "ffmpeg-silencedetect-order",
          "confidence": "high"
        }
      },
      {
        "id": "l41-v061",
        "kana": "ニュートン",
        "writing": "ニュートン",
        "meaningZh": [
          "牛顿"
        ],
        "partOfSpeech": "专",
        "rawText": "ニュートン [专] 牛顿",
        "confidence": "high",
        "audioSegment": {
          "id": "l41-v061",
          "trackId": "lesson_words",
          "sourceUrl": "https://japaflow-audio-bucket.oss-cn-shanghai.aliyuncs.com/textbook-audio/book1-unit11/lesson41/lesson_words.mp3",
          "localAudioPath": "data/ocr/audio-cache/lesson41/lesson_words.mp3",
          "itemIndex": 61,
          "text": "ニュートン",
          "label": "ニュートン",
          "start": 110.537,
          "end": 111.313,
          "duration": 0.776,
          "speechUnitCount": 1,
          "method": "ffmpeg-silencedetect-order",
          "confidence": "high"
        }
      },
      {
        "id": "l41-v062",
        "kana": "ノーベル",
        "writing": "ノーベル",
        "meaningZh": [
          "诺贝尔"
        ],
        "partOfSpeech": "专",
        "rawText": "ノーベル [专] 诺贝尔",
        "confidence": "high",
        "audioSegment": {
          "id": "l41-v062",
          "trackId": "lesson_words",
          "sourceUrl": "https://japaflow-audio-bucket.oss-cn-shanghai.aliyuncs.com/textbook-audio/book1-unit11/lesson41/lesson_words.mp3",
          "localAudioPath": "data/ocr/audio-cache/lesson41/lesson_words.mp3",
          "itemIndex": 62,
          "text": "ノーベル",
          "label": "ノーベル",
          "start": 112.602,
          "end": 113.344,
          "duration": 0.742,
          "speechUnitCount": 1,
          "method": "ffmpeg-silencedetect-order",
          "confidence": "high"
        }
      },
      {
        "id": "l41-v063",
        "kana": "オーストラリア",
        "writing": "オーストラリア",
        "meaningZh": [
          "澳大利亚"
        ],
        "partOfSpeech": "专",
        "rawText": "オーストラリア [专] 澳大利亚",
        "confidence": "high",
        "audioSegment": {
          "id": "l41-v063",
          "trackId": "lesson_words",
          "sourceUrl": "https://japaflow-audio-bucket.oss-cn-shanghai.aliyuncs.com/textbook-audio/book1-unit11/lesson41/lesson_words.mp3",
          "localAudioPath": "data/ocr/audio-cache/lesson41/lesson_words.mp3",
          "itemIndex": 63,
          "text": "オーストラリア",
          "label": "オーストラリア",
          "start": 114.325,
          "end": 115.363,
          "duration": 1.038,
          "speechUnitCount": 1,
          "method": "ffmpeg-silencedetect-order",
          "confidence": "high"
        }
      },
      {
        "id": "l41-v064",
        "kana": "シーエスコンス",
        "writing": "CS会社",
        "meaningZh": [
          "CS公司"
        ],
        "partOfSpeech": "专",
        "rawText": "シーエスコンス（CS会社） [专] CS公司",
        "confidence": "low",
        "audioSegment": {
          "id": "l41-v064",
          "trackId": "lesson_words",
          "sourceUrl": "https://japaflow-audio-bucket.oss-cn-shanghai.aliyuncs.com/textbook-audio/book1-unit11/lesson41/lesson_words.mp3",
          "localAudioPath": "data/ocr/audio-cache/lesson41/lesson_words.mp3",
          "itemIndex": 64,
          "text": "シーエスコンス",
          "label": "CS会社",
          "start": 116.651,
          "end": 118.062,
          "duration": 1.411,
          "speechUnitCount": 1,
          "method": "ffmpeg-silencedetect-order",
          "confidence": "high"
        }
      },
      {
        "id": "l41-v065",
        "kana": "チンタオビール",
        "writing": "青島ビール",
        "meaningZh": [
          "青岛啤酒"
        ],
        "partOfSpeech": "专",
        "rawText": "チンタオビール（青島〜） [专] 青岛啤酒",
        "confidence": "high",
        "audioSegment": {
          "id": "l41-v065",
          "trackId": "lesson_words",
          "sourceUrl": "https://japaflow-audio-bucket.oss-cn-shanghai.aliyuncs.com/textbook-audio/book1-unit11/lesson41/lesson_words.mp3",
          "localAudioPath": "data/ocr/audio-cache/lesson41/lesson_words.mp3",
          "itemIndex": 65,
          "text": "チンタオビール",
          "label": "青島ビール",
          "start": 118.912,
          "end": 120.054,
          "duration": 1.142,
          "speechUnitCount": 1,
          "method": "ffmpeg-silencedetect-order",
          "confidence": "high"
        }
      },
      {
        "id": "l41-v066",
        "kana": "あきゅうせいでん",
        "writing": "阿Q正伝",
        "meaningZh": [
          "阿Q正传"
        ],
        "partOfSpeech": "专",
        "rawText": "あきゅうせいでん（阿Q正伝） [专] 阿Q正传",
        "confidence": "high",
        "audioSegment": {
          "id": "l41-v066",
          "trackId": "lesson_words",
          "sourceUrl": "https://japaflow-audio-bucket.oss-cn-shanghai.aliyuncs.com/textbook-audio/book1-unit11/lesson41/lesson_words.mp3",
          "localAudioPath": "data/ocr/audio-cache/lesson41/lesson_words.mp3",
          "itemIndex": 66,
          "text": "あきゅうせいでん",
          "label": "阿Q正伝",
          "start": 121.789,
          "end": 123.269,
          "duration": 1.48,
          "speechUnitCount": 1,
          "method": "ffmpeg-silencedetect-order",
          "confidence": "high"
        }
      },
      {
        "id": "l41-v067",
        "kana": "まいりました",
        "writing": "参りました",
        "meaningZh": [
          "真糟糕",
          "真倒霉"
        ],
        "partOfSpeech": null,
        "rawText": "まいりました（参りました） 真糟糕，真倒霉",
        "confidence": "high",
        "audioSegment": {
          "id": "l41-v067",
          "trackId": "lesson_words",
          "sourceUrl": "https://japaflow-audio-bucket.oss-cn-shanghai.aliyuncs.com/textbook-audio/book1-unit11/lesson41/lesson_words.mp3",
          "localAudioPath": "data/ocr/audio-cache/lesson41/lesson_words.mp3",
          "itemIndex": 67,
          "text": "まいりました",
          "label": "参りました",
          "start": 124.435,
          "end": 125.392,
          "duration": 0.957,
          "speechUnitCount": 1,
          "method": "ffmpeg-silencedetect-order",
          "confidence": "high"
        }
      },
      {
        "id": "l41-v068",
        "kana": "ばんゆういんりょくのほうそく",
        "writing": "万有引力の法則",
        "meaningZh": [
          "万有引力定律"
        ],
        "partOfSpeech": null,
        "rawText": "ばんゆういんりょくのほうそく（万有引力の法則） 万有引力定律",
        "confidence": "high",
        "audioSegment": {
          "id": "l41-v068",
          "trackId": "lesson_words",
          "sourceUrl": "https://japaflow-audio-bucket.oss-cn-shanghai.aliyuncs.com/textbook-audio/book1-unit11/lesson41/lesson_words.mp3",
          "localAudioPath": "data/ocr/audio-cache/lesson41/lesson_words.mp3",
          "itemIndex": 68,
          "text": "ばんゆういんりょくのほうそく",
          "label": "万有引力の法則",
          "start": 127.102,
          "end": 129.441,
          "duration": 2.339,
          "speechUnitCount": 1,
          "method": "ffmpeg-silencedetect-order",
          "confidence": "high"
        }
      }
    ],
    "warnings": [
      "“シーエスコンス（CS会社）”的假名在扫描页上不够清晰，已按可辨识文字保留并标为 low。",
      "词汇表底部两个补充表达未标注词性，partOfSpeech 设为 null。"
    ],
    "audioAlignment": {
      "generatedAt": "2026-08-05T08:46:21.907Z",
      "method": "ffmpeg-silencedetect-order",
      "tracks": {
        "lesson_words": {
          "trackId": "lesson_words",
          "sourceUrl": "https://japaflow-audio-bucket.oss-cn-shanghai.aliyuncs.com/textbook-audio/book1-unit11/lesson41/lesson_words.mp3",
          "localAudioPath": "data/ocr/audio-cache/lesson41/lesson_words.mp3",
          "outputPath": "data/ocr/lesson41-vocabulary-audio.json",
          "duration": 133.77,
          "expectedItems": 68,
          "expectedSpeechUnits": 69,
          "skippedSpeechUnits": 0,
          "detectedSpeechIntervals": 69,
          "mappedSegments": 68,
          "selectedProfile": {
            "noiseDb": -44,
            "minSilence": 0.28
          },
          "warnings": [],
          "segments": [
            {
              "id": "l41-v001",
              "trackId": "lesson_words",
              "sourceUrl": "https://japaflow-audio-bucket.oss-cn-shanghai.aliyuncs.com/textbook-audio/book1-unit11/lesson41/lesson_words.mp3",
              "localAudioPath": "data/ocr/audio-cache/lesson41/lesson_words.mp3",
              "itemIndex": 1,
              "text": "ことり",
              "label": "小鳥",
              "start": 1.213,
              "end": 1.856,
              "duration": 0.643,
              "speechUnitCount": 1,
              "method": "ffmpeg-silencedetect-order",
              "confidence": "high"
            },
            {
              "id": "l41-v002",
              "trackId": "lesson_words",
              "sourceUrl": "https://japaflow-audio-bucket.oss-cn-shanghai.aliyuncs.com/textbook-audio/book1-unit11/lesson41/lesson_words.mp3",
              "localAudioPath": "data/ocr/audio-cache/lesson41/lesson_words.mp3",
              "itemIndex": 2,
              "text": "ばんぱく",
              "label": "万博",
              "start": 2.612,
              "end": 3.545,
              "duration": 0.933,
              "speechUnitCount": 1,
              "method": "ffmpeg-silencedetect-order",
              "confidence": "high"
            },
            {
              "id": "l41-v003",
              "trackId": "lesson_words",
              "sourceUrl": "https://japaflow-audio-bucket.oss-cn-shanghai.aliyuncs.com/textbook-audio/book1-unit11/lesson41/lesson_words.mp3",
              "localAudioPath": "data/ocr/audio-cache/lesson41/lesson_words.mp3",
              "itemIndex": 3,
              "text": "いせき",
              "label": "遺跡",
              "start": 4.043,
              "end": 4.71,
              "duration": 0.666,
              "speechUnitCount": 1,
              "method": "ffmpeg-silencedetect-order",
              "confidence": "high"
            },
            {
              "id": "l41-v004",
              "trackId": "lesson_words",
              "sourceUrl": "https://japaflow-audio-bucket.oss-cn-shanghai.aliyuncs.com/textbook-audio/book1-unit11/lesson41/lesson_words.mp3",
              "localAudioPath": "data/ocr/audio-cache/lesson41/lesson_words.mp3",
              "itemIndex": 4,
              "text": "じょうし",
              "label": "上司",
              "start": 5.217,
              "end": 5.976,
              "duration": 0.759,
              "speechUnitCount": 1,
              "method": "ffmpeg-silencedetect-order",
              "confidence": "high"
            },
            {
              "id": "l41-v005",
              "trackId": "lesson_words",
              "sourceUrl": "https://japaflow-audio-bucket.oss-cn-shanghai.aliyuncs.com/textbook-audio/book1-unit11/lesson41/lesson_words.mp3",
              "localAudioPath": "data/ocr/audio-cache/lesson41/lesson_words.mp3",
              "itemIndex": 5,
              "text": "すり",
              "label": "すり",
              "start": 6.523,
              "end": 7.005,
              "duration": 0.481,
              "speechUnitCount": 1,
              "method": "ffmpeg-silencedetect-order",
              "confidence": "high"
            },
            {
              "id": "l41-v006",
              "trackId": "lesson_words",
              "sourceUrl": "https://japaflow-audio-bucket.oss-cn-shanghai.aliyuncs.com/textbook-audio/book1-unit11/lesson41/lesson_words.mp3",
              "localAudioPath": "data/ocr/audio-cache/lesson41/lesson_words.mp3",
              "itemIndex": 6,
              "text": "せだい",
              "label": "世代",
              "start": 7.853,
              "end": 8.508,
              "duration": 0.655,
              "speechUnitCount": 1,
              "method": "ffmpeg-silencedetect-order",
              "confidence": "high"
            },
            {
              "id": "l41-v007",
              "trackId": "lesson_words",
              "sourceUrl": "https://japaflow-audio-bucket.oss-cn-shanghai.aliyuncs.com/textbook-audio/book1-unit11/lesson41/lesson_words.mp3",
              "localAudioPath": "data/ocr/audio-cache/lesson41/lesson_words.mp3",
              "itemIndex": 7,
              "text": "しじょう",
              "label": "市場",
              "start": 9.409,
              "end": 10.229,
              "duration": 0.82,
              "speechUnitCount": 1,
              "method": "ffmpeg-silencedetect-order",
              "confidence": "high"
            },
            {
              "id": "l41-v008",
              "trackId": "lesson_words",
              "sourceUrl": "https://japaflow-audio-bucket.oss-cn-shanghai.aliyuncs.com/textbook-audio/book1-unit11/lesson41/lesson_words.mp3",
              "localAudioPath": "data/ocr/audio-cache/lesson41/lesson_words.mp3",
              "itemIndex": 8,
              "text": "ちょうさ",
              "label": "調査",
              "start": 10.823,
              "end": 11.504,
              "duration": 0.681,
              "speechUnitCount": 1,
              "method": "ffmpeg-silencedetect-order",
              "confidence": "high"
            },
            {
              "id": "l41-v009",
              "trackId": "lesson_words",
              "sourceUrl": "https://japaflow-audio-bucket.oss-cn-shanghai.aliyuncs.com/textbook-audio/book1-unit11/lesson41/lesson_words.mp3",
              "localAudioPath": "data/ocr/audio-cache/lesson41/lesson_words.mp3",
              "itemIndex": 9,
              "text": "しゅっか",
              "label": "出荷",
              "start": 12.283,
              "end": 13.126,
              "duration": 0.843,
              "speechUnitCount": 1,
              "method": "ffmpeg-silencedetect-order",
              "confidence": "high"
            },
            {
              "id": "l41-v010",
              "trackId": "lesson_words",
              "sourceUrl": "https://japaflow-audio-bucket.oss-cn-shanghai.aliyuncs.com/textbook-audio/book1-unit11/lesson41/lesson_words.mp3",
              "localAudioPath": "data/ocr/audio-cache/lesson41/lesson_words.mp3",
              "itemIndex": 10,
              "text": "せいちょう",
              "label": "成長",
              "start": 13.9,
              "end": 14.95,
              "duration": 1.05,
              "speechUnitCount": 1,
              "method": "ffmpeg-silencedetect-order",
              "confidence": "high"
            },
            {
              "id": "l41-v011",
              "trackId": "lesson_words",
              "sourceUrl": "https://japaflow-audio-bucket.oss-cn-shanghai.aliyuncs.com/textbook-audio/book1-unit11/lesson41/lesson_words.mp3",
              "localAudioPath": "data/ocr/audio-cache/lesson41/lesson_words.mp3",
              "itemIndex": 11,
              "text": "あらし",
              "label": "嵐",
              "start": 15.424,
              "end": 16.094,
              "duration": 0.67,
              "speechUnitCount": 1,
              "method": "ffmpeg-silencedetect-order",
              "confidence": "high"
            },
            {
              "id": "l41-v012",
              "trackId": "lesson_words",
              "sourceUrl": "https://japaflow-audio-bucket.oss-cn-shanghai.aliyuncs.com/textbook-audio/book1-unit11/lesson41/lesson_words.mp3",
              "localAudioPath": "data/ocr/audio-cache/lesson41/lesson_words.mp3",
              "itemIndex": 12,
              "text": "ダイナマイト",
              "label": "ダイナマイト",
              "start": 17.449,
              "end": 18.633,
              "duration": 1.184,
              "speechUnitCount": 1,
              "method": "ffmpeg-silencedetect-order",
              "confidence": "high"
            },
            {
              "id": "l41-v013",
              "trackId": "lesson_words",
              "sourceUrl": "https://japaflow-audio-bucket.oss-cn-shanghai.aliyuncs.com/textbook-audio/book1-unit11/lesson41/lesson_words.mp3",
              "localAudioPath": "data/ocr/audio-cache/lesson41/lesson_words.mp3",
              "itemIndex": 13,
              "text": "ネーミング",
              "label": "ネーミング",
              "start": 19.219,
              "end": 20.237,
              "duration": 1.019,
              "speechUnitCount": 1,
              "method": "ffmpeg-silencedetect-order",
              "confidence": "high"
            },
            {
              "id": "l41-v014",
              "trackId": "lesson_words",
              "sourceUrl": "https://japaflow-audio-bucket.oss-cn-shanghai.aliyuncs.com/textbook-audio/book1-unit11/lesson41/lesson_words.mp3",
              "localAudioPath": "data/ocr/audio-cache/lesson41/lesson_words.mp3",
              "itemIndex": 14,
              "text": "コストダウン",
              "label": "コストダウン",
              "start": 21.515,
              "end": 22.61,
              "duration": 1.095,
              "speechUnitCount": 1,
              "method": "ffmpeg-silencedetect-order",
              "confidence": "high"
            },
            {
              "id": "l41-v015",
              "trackId": "lesson_words",
              "sourceUrl": "https://japaflow-audio-bucket.oss-cn-shanghai.aliyuncs.com/textbook-audio/book1-unit11/lesson41/lesson_words.mp3",
              "localAudioPath": "data/ocr/audio-cache/lesson41/lesson_words.mp3",
              "itemIndex": 15,
              "text": "ていかかく",
              "label": "低価格",
              "start": 23.45,
              "end": 24.357,
              "duration": 0.907,
              "speechUnitCount": 1,
              "method": "ffmpeg-silencedetect-order",
              "confidence": "high"
            },
            {
              "id": "l41-v016",
              "trackId": "lesson_words",
              "sourceUrl": "https://japaflow-audio-bucket.oss-cn-shanghai.aliyuncs.com/textbook-audio/book1-unit11/lesson41/lesson_words.mp3",
              "localAudioPath": "data/ocr/audio-cache/lesson41/lesson_words.mp3",
              "itemIndex": 16,
              "text": "ぎゅうにく",
              "label": "牛肉",
              "start": 25.858,
              "end": 26.725,
              "duration": 0.867,
              "speechUnitCount": 1,
              "method": "ffmpeg-silencedetect-order",
              "confidence": "high"
            },
            {
              "id": "l41-v017",
              "trackId": "lesson_words",
              "sourceUrl": "https://japaflow-audio-bucket.oss-cn-shanghai.aliyuncs.com/textbook-audio/book1-unit11/lesson41/lesson_words.mp3",
              "localAudioPath": "data/ocr/audio-cache/lesson41/lesson_words.mp3",
              "itemIndex": 17,
              "text": "いっさくねん／おととし",
              "label": "一昨年",
              "start": 27.702,
              "end": 30.664,
              "duration": 2.962,
              "speechUnitCount": 2,
              "method": "ffmpeg-silencedetect-order",
              "confidence": "high"
            },
            {
              "id": "l41-v018",
              "trackId": "lesson_words",
              "sourceUrl": "https://japaflow-audio-bucket.oss-cn-shanghai.aliyuncs.com/textbook-audio/book1-unit11/lesson41/lesson_words.mp3",
              "localAudioPath": "data/ocr/audio-cache/lesson41/lesson_words.mp3",
              "itemIndex": 18,
              "text": "さくねん",
              "label": "昨年",
              "start": 32,
              "end": 32.979,
              "duration": 0.979,
              "speechUnitCount": 1,
              "method": "ffmpeg-silencedetect-order",
              "confidence": "high"
            },
            {
              "id": "l41-v019",
              "trackId": "lesson_words",
              "sourceUrl": "https://japaflow-audio-bucket.oss-cn-shanghai.aliyuncs.com/textbook-audio/book1-unit11/lesson41/lesson_words.mp3",
              "localAudioPath": "data/ocr/audio-cache/lesson41/lesson_words.mp3",
              "itemIndex": 19,
              "text": "こんご",
              "label": "今後",
              "start": 33.739,
              "end": 34.446,
              "duration": 0.707,
              "speechUnitCount": 1,
              "method": "ffmpeg-silencedetect-order",
              "confidence": "high"
            },
            {
              "id": "l41-v020",
              "trackId": "lesson_words",
              "sourceUrl": "https://japaflow-audio-bucket.oss-cn-shanghai.aliyuncs.com/textbook-audio/book1-unit11/lesson41/lesson_words.mp3",
              "localAudioPath": "data/ocr/audio-cache/lesson41/lesson_words.mp3",
              "itemIndex": 20,
              "text": "すべて",
              "label": "すべて",
              "start": 35.246,
              "end": 35.963,
              "duration": 0.717,
              "speechUnitCount": 1,
              "method": "ffmpeg-silencedetect-order",
              "confidence": "high"
            },
            {
              "id": "l41-v021",
              "trackId": "lesson_words",
              "sourceUrl": "https://japaflow-audio-bucket.oss-cn-shanghai.aliyuncs.com/textbook-audio/book1-unit11/lesson41/lesson_words.mp3",
              "localAudioPath": "data/ocr/audio-cache/lesson41/lesson_words.mp3",
              "itemIndex": 21,
              "text": "びしょぬれ",
              "label": "びしょぬれ",
              "start": 36.73,
              "end": 37.563,
              "duration": 0.833,
              "speechUnitCount": 1,
              "method": "ffmpeg-silencedetect-order",
              "confidence": "high"
            },
            {
              "id": "l41-v022",
              "trackId": "lesson_words",
              "sourceUrl": "https://japaflow-audio-bucket.oss-cn-shanghai.aliyuncs.com/textbook-audio/book1-unit11/lesson41/lesson_words.mp3",
              "localAudioPath": "data/ocr/audio-cache/lesson41/lesson_words.mp3",
              "itemIndex": 22,
              "text": "みりょく",
              "label": "魅力",
              "start": 39.15,
              "end": 39.908,
              "duration": 0.758,
              "speechUnitCount": 1,
              "method": "ffmpeg-silencedetect-order",
              "confidence": "high"
            },
            {
              "id": "l41-v023",
              "trackId": "lesson_words",
              "sourceUrl": "https://japaflow-audio-bucket.oss-cn-shanghai.aliyuncs.com/textbook-audio/book1-unit11/lesson41/lesson_words.mp3",
              "localAudioPath": "data/ocr/audio-cache/lesson41/lesson_words.mp3",
              "itemIndex": 23,
              "text": "おしょくじけん",
              "label": "汚職事件",
              "start": 41.106,
              "end": 42.144,
              "duration": 1.038,
              "speechUnitCount": 1,
              "method": "ffmpeg-silencedetect-order",
              "confidence": "high"
            },
            {
              "id": "l41-v024",
              "trackId": "lesson_words",
              "sourceUrl": "https://japaflow-audio-bucket.oss-cn-shanghai.aliyuncs.com/textbook-audio/book1-unit11/lesson41/lesson_words.mp3",
              "localAudioPath": "data/ocr/audio-cache/lesson41/lesson_words.mp3",
              "itemIndex": 24,
              "text": "しじょうちょうさ",
              "label": "市場調査",
              "start": 43.475,
              "end": 44.72,
              "duration": 1.245,
              "speechUnitCount": 1,
              "method": "ffmpeg-silencedetect-order",
              "confidence": "high"
            },
            {
              "id": "l41-v025",
              "trackId": "lesson_words",
              "sourceUrl": "https://japaflow-audio-bucket.oss-cn-shanghai.aliyuncs.com/textbook-audio/book1-unit11/lesson41/lesson_words.mp3",
              "localAudioPath": "data/ocr/audio-cache/lesson41/lesson_words.mp3",
              "itemIndex": 25,
              "text": "こうつうじじょう",
              "label": "交通事情",
              "start": 45.651,
              "end": 46.835,
              "duration": 1.184,
              "speechUnitCount": 1,
              "method": "ffmpeg-silencedetect-order",
              "confidence": "high"
            },
            {
              "id": "l41-v026",
              "trackId": "lesson_words",
              "sourceUrl": "https://japaflow-audio-bucket.oss-cn-shanghai.aliyuncs.com/textbook-audio/book1-unit11/lesson41/lesson_words.mp3",
              "localAudioPath": "data/ocr/audio-cache/lesson41/lesson_words.mp3",
              "itemIndex": 26,
              "text": "ごうべんがいしゃ",
              "label": "合弁会社",
              "start": 48.043,
              "end": 49.187,
              "duration": 1.144,
              "speechUnitCount": 1,
              "method": "ffmpeg-silencedetect-order",
              "confidence": "high"
            },
            {
              "id": "l41-v027",
              "trackId": "lesson_words",
              "sourceUrl": "https://japaflow-audio-bucket.oss-cn-shanghai.aliyuncs.com/textbook-audio/book1-unit11/lesson41/lesson_words.mp3",
              "localAudioPath": "data/ocr/audio-cache/lesson41/lesson_words.mp3",
              "itemIndex": 27,
              "text": "しかります",
              "label": "しかります",
              "start": 49.835,
              "end": 50.86,
              "duration": 1.025,
              "speechUnitCount": 1,
              "method": "ffmpeg-silencedetect-order",
              "confidence": "high"
            },
            {
              "id": "l41-v028",
              "trackId": "lesson_words",
              "sourceUrl": "https://japaflow-audio-bucket.oss-cn-shanghai.aliyuncs.com/textbook-audio/book1-unit11/lesson41/lesson_words.mp3",
              "localAudioPath": "data/ocr/audio-cache/lesson41/lesson_words.mp3",
              "itemIndex": 28,
              "text": "かみます",
              "label": "かみます",
              "start": 51.393,
              "end": 52.355,
              "duration": 0.962,
              "speechUnitCount": 1,
              "method": "ffmpeg-silencedetect-order",
              "confidence": "high"
            },
            {
              "id": "l41-v029",
              "trackId": "lesson_words",
              "sourceUrl": "https://japaflow-audio-bucket.oss-cn-shanghai.aliyuncs.com/textbook-audio/book1-unit11/lesson41/lesson_words.mp3",
              "localAudioPath": "data/ocr/audio-cache/lesson41/lesson_words.mp3",
              "itemIndex": 29,
              "text": "さそいます",
              "label": "誘います",
              "start": 53.039,
              "end": 54.122,
              "duration": 1.083,
              "speechUnitCount": 1,
              "method": "ffmpeg-silencedetect-order",
              "confidence": "high"
            },
            {
              "id": "l41-v030",
              "trackId": "lesson_words",
              "sourceUrl": "https://japaflow-audio-bucket.oss-cn-shanghai.aliyuncs.com/textbook-audio/book1-unit11/lesson41/lesson_words.mp3",
              "localAudioPath": "data/ocr/audio-cache/lesson41/lesson_words.mp3",
              "itemIndex": 30,
              "text": "まきこみます",
              "label": "巻き込みます",
              "start": 54.852,
              "end": 56.156,
              "duration": 1.304,
              "speechUnitCount": 1,
              "method": "ffmpeg-silencedetect-order",
              "confidence": "high"
            },
            {
              "id": "l41-v031",
              "trackId": "lesson_words",
              "sourceUrl": "https://japaflow-audio-bucket.oss-cn-shanghai.aliyuncs.com/textbook-audio/book1-unit11/lesson41/lesson_words.mp3",
              "localAudioPath": "data/ocr/audio-cache/lesson41/lesson_words.mp3",
              "itemIndex": 31,
              "text": "いたります",
              "label": "至ります",
              "start": 56.887,
              "end": 57.891,
              "duration": 1.004,
              "speechUnitCount": 1,
              "method": "ffmpeg-silencedetect-order",
              "confidence": "high"
            },
            {
              "id": "l41-v032",
              "trackId": "lesson_words",
              "sourceUrl": "https://japaflow-audio-bucket.oss-cn-shanghai.aliyuncs.com/textbook-audio/book1-unit11/lesson41/lesson_words.mp3",
              "localAudioPath": "data/ocr/audio-cache/lesson41/lesson_words.mp3",
              "itemIndex": 32,
              "text": "みつかります",
              "label": "見つかります",
              "start": 58.393,
              "end": 59.6,
              "duration": 1.207,
              "speechUnitCount": 1,
              "method": "ffmpeg-silencedetect-order",
              "confidence": "high"
            },
            {
              "id": "l41-v033",
              "trackId": "lesson_words",
              "sourceUrl": "https://japaflow-audio-bucket.oss-cn-shanghai.aliyuncs.com/textbook-audio/book1-unit11/lesson41/lesson_words.mp3",
              "localAudioPath": "data/ocr/audio-cache/lesson41/lesson_words.mp3",
              "itemIndex": 33,
              "text": "ふみます",
              "label": "踏みます",
              "start": 60.09,
              "end": 61.015,
              "duration": 0.926,
              "speechUnitCount": 1,
              "method": "ffmpeg-silencedetect-order",
              "confidence": "high"
            },
            {
              "id": "l41-v034",
              "trackId": "lesson_words",
              "sourceUrl": "https://japaflow-audio-bucket.oss-cn-shanghai.aliyuncs.com/textbook-audio/book1-unit11/lesson41/lesson_words.mp3",
              "localAudioPath": "data/ocr/audio-cache/lesson41/lesson_words.mp3",
              "itemIndex": 34,
              "text": "はかります",
              "label": "図ります",
              "start": 61.52,
              "end": 62.559,
              "duration": 1.04,
              "speechUnitCount": 1,
              "method": "ffmpeg-silencedetect-order",
              "confidence": "high"
            },
            {
              "id": "l41-v035",
              "trackId": "lesson_words",
              "sourceUrl": "https://japaflow-audio-bucket.oss-cn-shanghai.aliyuncs.com/textbook-audio/book1-unit11/lesson41/lesson_words.mp3",
              "localAudioPath": "data/ocr/audio-cache/lesson41/lesson_words.mp3",
              "itemIndex": 35,
              "text": "みこみます",
              "label": "見込みます",
              "start": 63.061,
              "end": 64.142,
              "duration": 1.082,
              "speechUnitCount": 1,
              "method": "ffmpeg-silencedetect-order",
              "confidence": "high"
            },
            {
              "id": "l41-v036",
              "trackId": "lesson_words",
              "sourceUrl": "https://japaflow-audio-bucket.oss-cn-shanghai.aliyuncs.com/textbook-audio/book1-unit11/lesson41/lesson_words.mp3",
              "localAudioPath": "data/ocr/audio-cache/lesson41/lesson_words.mp3",
              "itemIndex": 36,
              "text": "ぬすみます",
              "label": "盗みます",
              "start": 65.25,
              "end": 66.315,
              "duration": 1.064,
              "speechUnitCount": 1,
              "method": "ffmpeg-silencedetect-order",
              "confidence": "high"
            },
            {
              "id": "l41-v037",
              "trackId": "lesson_words",
              "sourceUrl": "https://japaflow-audio-bucket.oss-cn-shanghai.aliyuncs.com/textbook-audio/book1-unit11/lesson41/lesson_words.mp3",
              "localAudioPath": "data/ocr/audio-cache/lesson41/lesson_words.mp3",
              "itemIndex": 37,
              "text": "おこします",
              "label": "起こします",
              "start": 66.999,
              "end": 68.053,
              "duration": 1.054,
              "speechUnitCount": 1,
              "method": "ffmpeg-silencedetect-order",
              "confidence": "high"
            },
            {
              "id": "l41-v038",
              "trackId": "lesson_words",
              "sourceUrl": "https://japaflow-audio-bucket.oss-cn-shanghai.aliyuncs.com/textbook-audio/book1-unit11/lesson41/lesson_words.mp3",
              "localAudioPath": "data/ocr/audio-cache/lesson41/lesson_words.mp3",
              "itemIndex": 38,
              "text": "ほめます",
              "label": "ほめます",
              "start": 68.565,
              "end": 69.455,
              "duration": 0.89,
              "speechUnitCount": 1,
              "method": "ffmpeg-silencedetect-order",
              "confidence": "high"
            },
            {
              "id": "l41-v039",
              "trackId": "lesson_words",
              "sourceUrl": "https://japaflow-audio-bucket.oss-cn-shanghai.aliyuncs.com/textbook-audio/book1-unit11/lesson41/lesson_words.mp3",
              "localAudioPath": "data/ocr/audio-cache/lesson41/lesson_words.mp3",
              "itemIndex": 39,
              "text": "もとめます",
              "label": "求めます",
              "start": 70.84,
              "end": 71.942,
              "duration": 1.102,
              "speechUnitCount": 1,
              "method": "ffmpeg-silencedetect-order",
              "confidence": "high"
            },
            {
              "id": "l41-v040",
              "trackId": "lesson_words",
              "sourceUrl": "https://japaflow-audio-bucket.oss-cn-shanghai.aliyuncs.com/textbook-audio/book1-unit11/lesson41/lesson_words.mp3",
              "localAudioPath": "data/ocr/audio-cache/lesson41/lesson_words.mp3",
              "itemIndex": 40,
              "text": "いじめます",
              "label": "いじめます",
              "start": 72.544,
              "end": 73.586,
              "duration": 1.042,
              "speechUnitCount": 1,
              "method": "ffmpeg-silencedetect-order",
              "confidence": "high"
            },
            {
              "id": "l41-v041",
              "trackId": "lesson_words",
              "sourceUrl": "https://japaflow-audio-bucket.oss-cn-shanghai.aliyuncs.com/textbook-audio/book1-unit11/lesson41/lesson_words.mp3",
              "localAudioPath": "data/ocr/audio-cache/lesson41/lesson_words.mp3",
              "itemIndex": 41,
              "text": "ぶつけます",
              "label": "ぶつけます",
              "start": 74.11,
              "end": 75.228,
              "duration": 1.119,
              "speechUnitCount": 1,
              "method": "ffmpeg-silencedetect-order",
              "confidence": "high"
            },
            {
              "id": "l41-v042",
              "trackId": "lesson_words",
              "sourceUrl": "https://japaflow-audio-bucket.oss-cn-shanghai.aliyuncs.com/textbook-audio/book1-unit11/lesson41/lesson_words.mp3",
              "localAudioPath": "data/ocr/audio-cache/lesson41/lesson_words.mp3",
              "itemIndex": 42,
              "text": "はっけんします",
              "label": "発見します",
              "start": 75.926,
              "end": 77.362,
              "duration": 1.436,
              "speechUnitCount": 1,
              "method": "ffmpeg-silencedetect-order",
              "confidence": "high"
            },
            {
              "id": "l41-v043",
              "trackId": "lesson_words",
              "sourceUrl": "https://japaflow-audio-bucket.oss-cn-shanghai.aliyuncs.com/textbook-audio/book1-unit11/lesson41/lesson_words.mp3",
              "localAudioPath": "data/ocr/audio-cache/lesson41/lesson_words.mp3",
              "itemIndex": 43,
              "text": "じしょくします",
              "label": "辞職します",
              "start": 77.806,
              "end": 79.018,
              "duration": 1.212,
              "speechUnitCount": 1,
              "method": "ffmpeg-silencedetect-order",
              "confidence": "high"
            },
            {
              "id": "l41-v044",
              "trackId": "lesson_words",
              "sourceUrl": "https://japaflow-audio-bucket.oss-cn-shanghai.aliyuncs.com/textbook-audio/book1-unit11/lesson41/lesson_words.mp3",
              "localAudioPath": "data/ocr/audio-cache/lesson41/lesson_words.mp3",
              "itemIndex": 44,
              "text": "そうりつします",
              "label": "創立します",
              "start": 79.403,
              "end": 80.912,
              "duration": 1.509,
              "speechUnitCount": 1,
              "method": "ffmpeg-silencedetect-order",
              "confidence": "high"
            },
            {
              "id": "l41-v045",
              "trackId": "lesson_words",
              "sourceUrl": "https://japaflow-audio-bucket.oss-cn-shanghai.aliyuncs.com/textbook-audio/book1-unit11/lesson41/lesson_words.mp3",
              "localAudioPath": "data/ocr/audio-cache/lesson41/lesson_words.mp3",
              "itemIndex": 45,
              "text": "いらいします",
              "label": "依頼します",
              "start": 81.362,
              "end": 82.547,
              "duration": 1.185,
              "speechUnitCount": 1,
              "method": "ffmpeg-silencedetect-order",
              "confidence": "high"
            },
            {
              "id": "l41-v046",
              "trackId": "lesson_words",
              "sourceUrl": "https://japaflow-audio-bucket.oss-cn-shanghai.aliyuncs.com/textbook-audio/book1-unit11/lesson41/lesson_words.mp3",
              "localAudioPath": "data/ocr/audio-cache/lesson41/lesson_words.mp3",
              "itemIndex": 46,
              "text": "はつばいします",
              "label": "発売します",
              "start": 83.023,
              "end": 84.446,
              "duration": 1.423,
              "speechUnitCount": 1,
              "method": "ffmpeg-silencedetect-order",
              "confidence": "high"
            },
            {
              "id": "l41-v047",
              "trackId": "lesson_words",
              "sourceUrl": "https://japaflow-audio-bucket.oss-cn-shanghai.aliyuncs.com/textbook-audio/book1-unit11/lesson41/lesson_words.mp3",
              "localAudioPath": "data/ocr/audio-cache/lesson41/lesson_words.mp3",
              "itemIndex": 47,
              "text": "かいはつします",
              "label": "開発します",
              "start": 84.956,
              "end": 86.256,
              "duration": 1.3,
              "speechUnitCount": 1,
              "method": "ffmpeg-silencedetect-order",
              "confidence": "high"
            },
            {
              "id": "l41-v048",
              "trackId": "lesson_words",
              "sourceUrl": "https://japaflow-audio-bucket.oss-cn-shanghai.aliyuncs.com/textbook-audio/book1-unit11/lesson41/lesson_words.mp3",
              "localAudioPath": "data/ocr/audio-cache/lesson41/lesson_words.mp3",
              "itemIndex": 48,
              "text": "せいぞうします",
              "label": "製造します",
              "start": 87.077,
              "end": 88.553,
              "duration": 1.476,
              "speechUnitCount": 1,
              "method": "ffmpeg-silencedetect-order",
              "confidence": "high"
            },
            {
              "id": "l41-v049",
              "trackId": "lesson_words",
              "sourceUrl": "https://japaflow-audio-bucket.oss-cn-shanghai.aliyuncs.com/textbook-audio/book1-unit11/lesson41/lesson_words.mp3",
              "localAudioPath": "data/ocr/audio-cache/lesson41/lesson_words.mp3",
              "itemIndex": 49,
              "text": "かんりします",
              "label": "管理します",
              "start": 88.981,
              "end": 90.217,
              "duration": 1.236,
              "speechUnitCount": 1,
              "method": "ffmpeg-silencedetect-order",
              "confidence": "high"
            },
            {
              "id": "l41-v050",
              "trackId": "lesson_words",
              "sourceUrl": "https://japaflow-audio-bucket.oss-cn-shanghai.aliyuncs.com/textbook-audio/book1-unit11/lesson41/lesson_words.mp3",
              "localAudioPath": "data/ocr/audio-cache/lesson41/lesson_words.mp3",
              "itemIndex": 50,
              "text": "じつげんします",
              "label": "実現します",
              "start": 90.962,
              "end": 92.455,
              "duration": 1.493,
              "speechUnitCount": 1,
              "method": "ffmpeg-silencedetect-order",
              "confidence": "high"
            },
            {
              "id": "l41-v051",
              "trackId": "lesson_words",
              "sourceUrl": "https://japaflow-audio-bucket.oss-cn-shanghai.aliyuncs.com/textbook-audio/book1-unit11/lesson41/lesson_words.mp3",
              "localAudioPath": "data/ocr/audio-cache/lesson41/lesson_words.mp3",
              "itemIndex": 51,
              "text": "せんれんします",
              "label": "洗練します",
              "start": 92.732,
              "end": 94.064,
              "duration": 1.332,
              "speechUnitCount": 1,
              "method": "ffmpeg-silencedetect-order",
              "confidence": "high"
            },
            {
              "id": "l41-v052",
              "trackId": "lesson_words",
              "sourceUrl": "https://japaflow-audio-bucket.oss-cn-shanghai.aliyuncs.com/textbook-audio/book1-unit11/lesson41/lesson_words.mp3",
              "localAudioPath": "data/ocr/audio-cache/lesson41/lesson_words.mp3",
              "itemIndex": 52,
              "text": "ほうそうします",
              "label": "放送します",
              "start": 94.659,
              "end": 96.016,
              "duration": 1.357,
              "speechUnitCount": 1,
              "method": "ffmpeg-silencedetect-order",
              "confidence": "high"
            },
            {
              "id": "l41-v053",
              "trackId": "lesson_words",
              "sourceUrl": "https://japaflow-audio-bucket.oss-cn-shanghai.aliyuncs.com/textbook-audio/book1-unit11/lesson41/lesson_words.mp3",
              "localAudioPath": "data/ocr/audio-cache/lesson41/lesson_words.mp3",
              "itemIndex": 53,
              "text": "せいさんします",
              "label": "生産します",
              "start": 96.275,
              "end": 97.671,
              "duration": 1.396,
              "speechUnitCount": 1,
              "method": "ffmpeg-silencedetect-order",
              "confidence": "high"
            },
            {
              "id": "l41-v054",
              "trackId": "lesson_words",
              "sourceUrl": "https://japaflow-audio-bucket.oss-cn-shanghai.aliyuncs.com/textbook-audio/book1-unit11/lesson41/lesson_words.mp3",
              "localAudioPath": "data/ocr/audio-cache/lesson41/lesson_words.mp3",
              "itemIndex": 54,
              "text": "ほんやくします",
              "label": "翻訳します",
              "start": 98.383,
              "end": 99.646,
              "duration": 1.263,
              "speechUnitCount": 1,
              "method": "ffmpeg-silencedetect-order",
              "confidence": "high"
            },
            {
              "id": "l41-v055",
              "trackId": "lesson_words",
              "sourceUrl": "https://japaflow-audio-bucket.oss-cn-shanghai.aliyuncs.com/textbook-audio/book1-unit11/lesson41/lesson_words.mp3",
              "localAudioPath": "data/ocr/audio-cache/lesson41/lesson_words.mp3",
              "itemIndex": 55,
              "text": "はつめいします",
              "label": "発明します",
              "start": 100.13,
              "end": 101.472,
              "duration": 1.342,
              "speechUnitCount": 1,
              "method": "ffmpeg-silencedetect-order",
              "confidence": "high"
            },
            {
              "id": "l41-v056",
              "trackId": "lesson_words",
              "sourceUrl": "https://japaflow-audio-bucket.oss-cn-shanghai.aliyuncs.com/textbook-audio/book1-unit11/lesson41/lesson_words.mp3",
              "localAudioPath": "data/ocr/audio-cache/lesson41/lesson_words.mp3",
              "itemIndex": 56,
              "text": "はばひろい",
              "label": "幅広い",
              "start": 102.191,
              "end": 103.207,
              "duration": 1.016,
              "speechUnitCount": 1,
              "method": "ffmpeg-silencedetect-order",
              "confidence": "high"
            },
            {
              "id": "l41-v057",
              "trackId": "lesson_words",
              "sourceUrl": "https://japaflow-audio-bucket.oss-cn-shanghai.aliyuncs.com/textbook-audio/book1-unit11/lesson41/lesson_words.mp3",
              "localAudioPath": "data/ocr/audio-cache/lesson41/lesson_words.mp3",
              "itemIndex": 57,
              "text": "おおはば",
              "label": "大幅",
              "start": 103.981,
              "end": 104.757,
              "duration": 0.776,
              "speechUnitCount": 1,
              "method": "ffmpeg-silencedetect-order",
              "confidence": "high"
            },
            {
              "id": "l41-v058",
              "trackId": "lesson_words",
              "sourceUrl": "https://japaflow-audio-bucket.oss-cn-shanghai.aliyuncs.com/textbook-audio/book1-unit11/lesson41/lesson_words.mp3",
              "localAudioPath": "data/ocr/audio-cache/lesson41/lesson_words.mp3",
              "itemIndex": 58,
              "text": "たいりょう",
              "label": "大量",
              "start": 105.558,
              "end": 106.484,
              "duration": 0.926,
              "speechUnitCount": 1,
              "method": "ffmpeg-silencedetect-order",
              "confidence": "high"
            },
            {
              "id": "l41-v059",
              "trackId": "lesson_words",
              "sourceUrl": "https://japaflow-audio-bucket.oss-cn-shanghai.aliyuncs.com/textbook-audio/book1-unit11/lesson41/lesson_words.mp3",
              "localAudioPath": "data/ocr/audio-cache/lesson41/lesson_words.mp3",
              "itemIndex": 59,
              "text": "もっとも",
              "label": "最も",
              "start": 106.992,
              "end": 107.806,
              "duration": 0.814,
              "speechUnitCount": 1,
              "method": "ffmpeg-silencedetect-order",
              "confidence": "high"
            },
            {
              "id": "l41-v060",
              "trackId": "lesson_words",
              "sourceUrl": "https://japaflow-audio-bucket.oss-cn-shanghai.aliyuncs.com/textbook-audio/book1-unit11/lesson41/lesson_words.mp3",
              "localAudioPath": "data/ocr/audio-cache/lesson41/lesson_words.mp3",
              "itemIndex": 60,
              "text": "いやあ",
              "label": "いやあ",
              "start": 108.912,
              "end": 109.628,
              "duration": 0.716,
              "speechUnitCount": 1,
              "method": "ffmpeg-silencedetect-order",
              "confidence": "high"
            },
            {
              "id": "l41-v061",
              "trackId": "lesson_words",
              "sourceUrl": "https://japaflow-audio-bucket.oss-cn-shanghai.aliyuncs.com/textbook-audio/book1-unit11/lesson41/lesson_words.mp3",
              "localAudioPath": "data/ocr/audio-cache/lesson41/lesson_words.mp3",
              "itemIndex": 61,
              "text": "ニュートン",
              "label": "ニュートン",
              "start": 110.537,
              "end": 111.313,
              "duration": 0.776,
              "speechUnitCount": 1,
              "method": "ffmpeg-silencedetect-order",
              "confidence": "high"
            },
            {
              "id": "l41-v062",
              "trackId": "lesson_words",
              "sourceUrl": "https://japaflow-audio-bucket.oss-cn-shanghai.aliyuncs.com/textbook-audio/book1-unit11/lesson41/lesson_words.mp3",
              "localAudioPath": "data/ocr/audio-cache/lesson41/lesson_words.mp3",
              "itemIndex": 62,
              "text": "ノーベル",
              "label": "ノーベル",
              "start": 112.602,
              "end": 113.344,
              "duration": 0.742,
              "speechUnitCount": 1,
              "method": "ffmpeg-silencedetect-order",
              "confidence": "high"
            },
            {
              "id": "l41-v063",
              "trackId": "lesson_words",
              "sourceUrl": "https://japaflow-audio-bucket.oss-cn-shanghai.aliyuncs.com/textbook-audio/book1-unit11/lesson41/lesson_words.mp3",
              "localAudioPath": "data/ocr/audio-cache/lesson41/lesson_words.mp3",
              "itemIndex": 63,
              "text": "オーストラリア",
              "label": "オーストラリア",
              "start": 114.325,
              "end": 115.363,
              "duration": 1.038,
              "speechUnitCount": 1,
              "method": "ffmpeg-silencedetect-order",
              "confidence": "high"
            },
            {
              "id": "l41-v064",
              "trackId": "lesson_words",
              "sourceUrl": "https://japaflow-audio-bucket.oss-cn-shanghai.aliyuncs.com/textbook-audio/book1-unit11/lesson41/lesson_words.mp3",
              "localAudioPath": "data/ocr/audio-cache/lesson41/lesson_words.mp3",
              "itemIndex": 64,
              "text": "シーエスコンス",
              "label": "CS会社",
              "start": 116.651,
              "end": 118.062,
              "duration": 1.411,
              "speechUnitCount": 1,
              "method": "ffmpeg-silencedetect-order",
              "confidence": "high"
            },
            {
              "id": "l41-v065",
              "trackId": "lesson_words",
              "sourceUrl": "https://japaflow-audio-bucket.oss-cn-shanghai.aliyuncs.com/textbook-audio/book1-unit11/lesson41/lesson_words.mp3",
              "localAudioPath": "data/ocr/audio-cache/lesson41/lesson_words.mp3",
              "itemIndex": 65,
              "text": "チンタオビール",
              "label": "青島ビール",
              "start": 118.912,
              "end": 120.054,
              "duration": 1.142,
              "speechUnitCount": 1,
              "method": "ffmpeg-silencedetect-order",
              "confidence": "high"
            },
            {
              "id": "l41-v066",
              "trackId": "lesson_words",
              "sourceUrl": "https://japaflow-audio-bucket.oss-cn-shanghai.aliyuncs.com/textbook-audio/book1-unit11/lesson41/lesson_words.mp3",
              "localAudioPath": "data/ocr/audio-cache/lesson41/lesson_words.mp3",
              "itemIndex": 66,
              "text": "あきゅうせいでん",
              "label": "阿Q正伝",
              "start": 121.789,
              "end": 123.269,
              "duration": 1.48,
              "speechUnitCount": 1,
              "method": "ffmpeg-silencedetect-order",
              "confidence": "high"
            },
            {
              "id": "l41-v067",
              "trackId": "lesson_words",
              "sourceUrl": "https://japaflow-audio-bucket.oss-cn-shanghai.aliyuncs.com/textbook-audio/book1-unit11/lesson41/lesson_words.mp3",
              "localAudioPath": "data/ocr/audio-cache/lesson41/lesson_words.mp3",
              "itemIndex": 67,
              "text": "まいりました",
              "label": "参りました",
              "start": 124.435,
              "end": 125.392,
              "duration": 0.957,
              "speechUnitCount": 1,
              "method": "ffmpeg-silencedetect-order",
              "confidence": "high"
            },
            {
              "id": "l41-v068",
              "trackId": "lesson_words",
              "sourceUrl": "https://japaflow-audio-bucket.oss-cn-shanghai.aliyuncs.com/textbook-audio/book1-unit11/lesson41/lesson_words.mp3",
              "localAudioPath": "data/ocr/audio-cache/lesson41/lesson_words.mp3",
              "itemIndex": 68,
              "text": "ばんゆういんりょくのほうそく",
              "label": "万有引力の法則",
              "start": 127.102,
              "end": 129.441,
              "duration": 2.339,
              "speechUnitCount": 1,
              "method": "ffmpeg-silencedetect-order",
              "confidence": "high"
            }
          ]
        }
      }
    }
  }
}
