{
  "lessonId": 16,
  "target": "vocabulary",
  "generatedAt": "2026-08-05T08:45:38.344Z",
  "outputs": {
    "vocabulary": "data/ocr/lesson16-vocabulary-audio.json"
  },
  "summaries": [
    {
      "trackId": "lesson_words",
      "sourceUrl": "https://japaflow-audio-bucket.oss-cn-shanghai.aliyuncs.com/textbook-audio/book1-unit4/lesson16/lesson_words.mp3",
      "duration": 119.85,
      "expectedItems": 71,
      "expectedSpeechUnits": 74,
      "skippedSpeechUnits": 0,
      "detectedSpeechIntervals": 74,
      "mappedSegments": 71,
      "selectedProfile": {
        "noiseDb": -40,
        "minSilence": 0.24
      },
      "warnings": []
    }
  ],
  "vocabularyData": {
    "lessonId": "lesson16",
    "sourceImages": [
      {
        "path": "course-assets/by-lesson/lesson16/page199.webp",
        "pageNo": 199
      }
    ],
    "vocabulary": [
      {
        "id": "l16-v001",
        "kana": "そうさ",
        "writing": "操作",
        "meaningZh": [
          "操作",
          "操纵"
        ],
        "partOfSpeech": "名",
        "rawText": "そうさ（操作）[名] 操作，操纵",
        "confidence": "high",
        "audioSegment": {
          "id": "l16-v001",
          "trackId": "lesson_words",
          "sourceUrl": "https://japaflow-audio-bucket.oss-cn-shanghai.aliyuncs.com/textbook-audio/book1-unit4/lesson16/lesson_words.mp3",
          "localAudioPath": "data/ocr/audio-cache/lesson16/lesson_words.mp3",
          "itemIndex": 1,
          "text": "そうさ",
          "label": "操作",
          "start": 0.759,
          "end": 1.454,
          "duration": 0.695,
          "speechUnitCount": 1,
          "method": "ffmpeg-silencedetect-order",
          "confidence": "high"
        }
      },
      {
        "id": "l16-v002",
        "kana": "きかい",
        "writing": "機械",
        "meaningZh": [
          "机械",
          "机器"
        ],
        "partOfSpeech": "名",
        "rawText": "きかい（機械）[名] 机械，机器",
        "confidence": "high",
        "audioSegment": {
          "id": "l16-v002",
          "trackId": "lesson_words",
          "sourceUrl": "https://japaflow-audio-bucket.oss-cn-shanghai.aliyuncs.com/textbook-audio/book1-unit4/lesson16/lesson_words.mp3",
          "localAudioPath": "data/ocr/audio-cache/lesson16/lesson_words.mp3",
          "itemIndex": 2,
          "text": "きかい",
          "label": "機械",
          "start": 2.442,
          "end": 3.025,
          "duration": 0.583,
          "speechUnitCount": 1,
          "method": "ffmpeg-silencedetect-order",
          "confidence": "high"
        }
      },
      {
        "id": "l16-v003",
        "kana": "りょこうがいしゃ",
        "writing": "旅行会社",
        "meaningZh": [
          "旅行社"
        ],
        "partOfSpeech": "名",
        "rawText": "りょこうがいしゃ（旅行会社）[名] 旅行社",
        "confidence": "high",
        "audioSegment": {
          "id": "l16-v003",
          "trackId": "lesson_words",
          "sourceUrl": "https://japaflow-audio-bucket.oss-cn-shanghai.aliyuncs.com/textbook-audio/book1-unit4/lesson16/lesson_words.mp3",
          "localAudioPath": "data/ocr/audio-cache/lesson16/lesson_words.mp3",
          "itemIndex": 3,
          "text": "りょこうがいしゃ",
          "label": "旅行会社",
          "start": 4.019,
          "end": 5.257,
          "duration": 1.238,
          "speechUnitCount": 1,
          "method": "ffmpeg-silencedetect-order",
          "confidence": "high"
        }
      },
      {
        "id": "l16-v004",
        "kana": "こうくうがいしゃ",
        "writing": "航空会社",
        "meaningZh": [
          "航空公司"
        ],
        "partOfSpeech": "名",
        "rawText": "こうくうがいしゃ（航空会社）[名] 航空公司",
        "confidence": "high",
        "audioSegment": {
          "id": "l16-v004",
          "trackId": "lesson_words",
          "sourceUrl": "https://japaflow-audio-bucket.oss-cn-shanghai.aliyuncs.com/textbook-audio/book1-unit4/lesson16/lesson_words.mp3",
          "localAudioPath": "data/ocr/audio-cache/lesson16/lesson_words.mp3",
          "itemIndex": 4,
          "text": "こうくうがいしゃ",
          "label": "航空会社",
          "start": 5.958,
          "end": 7.203,
          "duration": 1.245,
          "speechUnitCount": 1,
          "method": "ffmpeg-silencedetect-order",
          "confidence": "high"
        }
      },
      {
        "id": "l16-v005",
        "kana": "えいぎょうぶ",
        "writing": "営業部",
        "meaningZh": [
          "营业部"
        ],
        "partOfSpeech": "名",
        "rawText": "えいぎょうぶ（営業部）[名] 营业部",
        "confidence": "high",
        "audioSegment": {
          "id": "l16-v005",
          "trackId": "lesson_words",
          "sourceUrl": "https://japaflow-audio-bucket.oss-cn-shanghai.aliyuncs.com/textbook-audio/book1-unit4/lesson16/lesson_words.mp3",
          "localAudioPath": "data/ocr/audio-cache/lesson16/lesson_words.mp3",
          "itemIndex": 5,
          "text": "えいぎょうぶ",
          "label": "営業部",
          "start": 7.893,
          "end": 8.792,
          "duration": 0.898,
          "speechUnitCount": 1,
          "method": "ffmpeg-silencedetect-order",
          "confidence": "high"
        }
      },
      {
        "id": "l16-v006",
        "kana": "アイティーさんぎょう",
        "writing": "IT産業",
        "meaningZh": [
          "IT产业",
          "信息技术产业"
        ],
        "partOfSpeech": "名",
        "rawText": "アイティーさんぎょう（IT産業）[名] IT产业，信息技术产业",
        "confidence": "high",
        "audioSegment": {
          "id": "l16-v006",
          "trackId": "lesson_words",
          "sourceUrl": "https://japaflow-audio-bucket.oss-cn-shanghai.aliyuncs.com/textbook-audio/book1-unit4/lesson16/lesson_words.mp3",
          "localAudioPath": "data/ocr/audio-cache/lesson16/lesson_words.mp3",
          "itemIndex": 6,
          "text": "アイティーさんぎょう",
          "label": "IT産業",
          "start": 9.976,
          "end": 11.402,
          "duration": 1.426,
          "speechUnitCount": 1,
          "method": "ffmpeg-silencedetect-order",
          "confidence": "high"
        }
      },
      {
        "id": "l16-v007",
        "kana": "せいひん",
        "writing": "製品",
        "meaningZh": [
          "产品"
        ],
        "partOfSpeech": "名",
        "rawText": "せいひん（製品）[名] 产品",
        "confidence": "high",
        "audioSegment": {
          "id": "l16-v007",
          "trackId": "lesson_words",
          "sourceUrl": "https://japaflow-audio-bucket.oss-cn-shanghai.aliyuncs.com/textbook-audio/book1-unit4/lesson16/lesson_words.mp3",
          "localAudioPath": "data/ocr/audio-cache/lesson16/lesson_words.mp3",
          "itemIndex": 7,
          "text": "せいひん",
          "label": "製品",
          "start": 11.981,
          "end": 12.849,
          "duration": 0.868,
          "speechUnitCount": 1,
          "method": "ffmpeg-silencedetect-order",
          "confidence": "high"
        }
      },
      {
        "id": "l16-v008",
        "kana": "けんちくか",
        "writing": "建築家",
        "meaningZh": [
          "建筑师"
        ],
        "partOfSpeech": "名",
        "rawText": "けんちくか（建築家）[名] 建筑师",
        "confidence": "high",
        "audioSegment": {
          "id": "l16-v008",
          "trackId": "lesson_words",
          "sourceUrl": "https://japaflow-audio-bucket.oss-cn-shanghai.aliyuncs.com/textbook-audio/book1-unit4/lesson16/lesson_words.mp3",
          "localAudioPath": "data/ocr/audio-cache/lesson16/lesson_words.mp3",
          "itemIndex": 8,
          "text": "けんちくか",
          "label": "建築家",
          "start": 14.064,
          "end": 15.032,
          "duration": 0.968,
          "speechUnitCount": 1,
          "method": "ffmpeg-silencedetect-order",
          "confidence": "high"
        }
      },
      {
        "id": "l16-v009",
        "kana": "せっけい",
        "writing": "設計",
        "meaningZh": [
          "设计"
        ],
        "partOfSpeech": "名",
        "rawText": "せっけい（設計）[名] 设计",
        "confidence": "high",
        "audioSegment": {
          "id": "l16-v009",
          "trackId": "lesson_words",
          "sourceUrl": "https://japaflow-audio-bucket.oss-cn-shanghai.aliyuncs.com/textbook-audio/book1-unit4/lesson16/lesson_words.mp3",
          "localAudioPath": "data/ocr/audio-cache/lesson16/lesson_words.mp3",
          "itemIndex": 9,
          "text": "せっけい",
          "label": "設計",
          "start": 15.658,
          "end": 16.642,
          "duration": 0.984,
          "speechUnitCount": 1,
          "method": "ffmpeg-silencedetect-order",
          "confidence": "high"
        }
      },
      {
        "id": "l16-v010",
        "kana": "デザイン",
        "writing": "デザイン",
        "meaningZh": [
          "设计(图)",
          "(制作)图案"
        ],
        "partOfSpeech": "名",
        "rawText": "デザイン [名] 设计(图)，(制作)图案",
        "confidence": "high",
        "audioSegment": {
          "id": "l16-v010",
          "trackId": "lesson_words",
          "sourceUrl": "https://japaflow-audio-bucket.oss-cn-shanghai.aliyuncs.com/textbook-audio/book1-unit4/lesson16/lesson_words.mp3",
          "localAudioPath": "data/ocr/audio-cache/lesson16/lesson_words.mp3",
          "itemIndex": 10,
          "text": "デザイン",
          "label": "デザイン",
          "start": 17.688,
          "end": 18.554,
          "duration": 0.866,
          "speechUnitCount": 1,
          "method": "ffmpeg-silencedetect-order",
          "confidence": "high"
        }
      },
      {
        "id": "l16-v011",
        "kana": "かたち",
        "writing": "形",
        "meaningZh": [
          "造型",
          "形状",
          "形式"
        ],
        "partOfSpeech": "名",
        "rawText": "かたち（形）[名] 造型，形状，形式",
        "confidence": "high",
        "audioSegment": {
          "id": "l16-v011",
          "trackId": "lesson_words",
          "sourceUrl": "https://japaflow-audio-bucket.oss-cn-shanghai.aliyuncs.com/textbook-audio/book1-unit4/lesson16/lesson_words.mp3",
          "localAudioPath": "data/ocr/audio-cache/lesson16/lesson_words.mp3",
          "itemIndex": 11,
          "text": "かたち",
          "label": "形",
          "start": 19.141,
          "end": 19.897,
          "duration": 0.756,
          "speechUnitCount": 1,
          "method": "ffmpeg-silencedetect-order",
          "confidence": "high"
        }
      },
      {
        "id": "l16-v012",
        "kana": "さいしん",
        "writing": "最新",
        "meaningZh": [
          "最新"
        ],
        "partOfSpeech": "名",
        "rawText": "さいしん（最新）[名] 最新",
        "confidence": "high",
        "audioSegment": {
          "id": "l16-v012",
          "trackId": "lesson_words",
          "sourceUrl": "https://japaflow-audio-bucket.oss-cn-shanghai.aliyuncs.com/textbook-audio/book1-unit4/lesson16/lesson_words.mp3",
          "localAudioPath": "data/ocr/audio-cache/lesson16/lesson_words.mp3",
          "itemIndex": 12,
          "text": "さいしん",
          "label": "最新",
          "start": 20.706,
          "end": 21.663,
          "duration": 0.957,
          "speechUnitCount": 1,
          "method": "ffmpeg-silencedetect-order",
          "confidence": "high"
        }
      },
      {
        "id": "l16-v013",
        "kana": "ネクタイ",
        "writing": "ネクタイ",
        "meaningZh": [
          "领带"
        ],
        "partOfSpeech": "名",
        "rawText": "ネクタイ [名] 领带",
        "confidence": "high",
        "audioSegment": {
          "id": "l16-v013",
          "trackId": "lesson_words",
          "sourceUrl": "https://japaflow-audio-bucket.oss-cn-shanghai.aliyuncs.com/textbook-audio/book1-unit4/lesson16/lesson_words.mp3",
          "localAudioPath": "data/ocr/audio-cache/lesson16/lesson_words.mp3",
          "itemIndex": 13,
          "text": "ネクタイ",
          "label": "ネクタイ",
          "start": 22.164,
          "end": 22.878,
          "duration": 0.714,
          "speechUnitCount": 1,
          "method": "ffmpeg-silencedetect-order",
          "confidence": "high"
        }
      },
      {
        "id": "l16-v014",
        "kana": "さいふ",
        "writing": "財布",
        "meaningZh": [
          "钱包"
        ],
        "partOfSpeech": "名",
        "rawText": "さいふ（財布）[名] 钱包",
        "confidence": "high",
        "audioSegment": {
          "id": "l16-v014",
          "trackId": "lesson_words",
          "sourceUrl": "https://japaflow-audio-bucket.oss-cn-shanghai.aliyuncs.com/textbook-audio/book1-unit4/lesson16/lesson_words.mp3",
          "localAudioPath": "data/ocr/audio-cache/lesson16/lesson_words.mp3",
          "itemIndex": 14,
          "text": "さいふ",
          "label": "財布",
          "start": 23.555,
          "end": 24.369,
          "duration": 0.814,
          "speechUnitCount": 1,
          "method": "ffmpeg-silencedetect-order",
          "confidence": "high"
        }
      },
      {
        "id": "l16-v015",
        "kana": "かわ",
        "writing": "革",
        "meaningZh": [
          "革",
          "皮革"
        ],
        "partOfSpeech": "名",
        "rawText": "かわ（革）[名] 革，皮革",
        "confidence": "high",
        "audioSegment": {
          "id": "l16-v015",
          "trackId": "lesson_words",
          "sourceUrl": "https://japaflow-audio-bucket.oss-cn-shanghai.aliyuncs.com/textbook-audio/book1-unit4/lesson16/lesson_words.mp3",
          "localAudioPath": "data/ocr/audio-cache/lesson16/lesson_words.mp3",
          "itemIndex": 15,
          "text": "かわ",
          "label": "革",
          "start": 24.962,
          "end": 25.485,
          "duration": 0.523,
          "speechUnitCount": 1,
          "method": "ffmpeg-silencedetect-order",
          "confidence": "high"
        }
      },
      {
        "id": "l16-v016",
        "kana": "ぬの",
        "writing": "布",
        "meaningZh": [
          "布",
          "布匹"
        ],
        "partOfSpeech": "名",
        "rawText": "ぬの（布）[名] 布，布匹",
        "confidence": "high",
        "audioSegment": {
          "id": "l16-v016",
          "trackId": "lesson_words",
          "sourceUrl": "https://japaflow-audio-bucket.oss-cn-shanghai.aliyuncs.com/textbook-audio/book1-unit4/lesson16/lesson_words.mp3",
          "localAudioPath": "data/ocr/audio-cache/lesson16/lesson_words.mp3",
          "itemIndex": 16,
          "text": "ぬの",
          "label": "布",
          "start": 26.113,
          "end": 26.659,
          "duration": 0.546,
          "speechUnitCount": 1,
          "method": "ffmpeg-silencedetect-order",
          "confidence": "high"
        }
      },
      {
        "id": "l16-v017",
        "kana": "すいとう",
        "writing": "水筒",
        "meaningZh": [
          "水壶",
          "水筒"
        ],
        "partOfSpeech": "名",
        "rawText": "すいとう（水筒）[名] 水壶，水筒",
        "confidence": "high",
        "audioSegment": {
          "id": "l16-v017",
          "trackId": "lesson_words",
          "sourceUrl": "https://japaflow-audio-bucket.oss-cn-shanghai.aliyuncs.com/textbook-audio/book1-unit4/lesson16/lesson_words.mp3",
          "localAudioPath": "data/ocr/audio-cache/lesson16/lesson_words.mp3",
          "itemIndex": 17,
          "text": "すいとう",
          "label": "水筒",
          "start": 27.383,
          "end": 28.372,
          "duration": 0.989,
          "speechUnitCount": 1,
          "method": "ffmpeg-silencedetect-order",
          "confidence": "high"
        }
      },
      {
        "id": "l16-v018",
        "kana": "みどり",
        "writing": "緑",
        "meaningZh": [
          "绿",
          "绿色"
        ],
        "partOfSpeech": "名",
        "rawText": "みどり（緑）[名] 绿，绿色",
        "confidence": "high",
        "audioSegment": {
          "id": "l16-v018",
          "trackId": "lesson_words",
          "sourceUrl": "https://japaflow-audio-bucket.oss-cn-shanghai.aliyuncs.com/textbook-audio/book1-unit4/lesson16/lesson_words.mp3",
          "localAudioPath": "data/ocr/audio-cache/lesson16/lesson_words.mp3",
          "itemIndex": 18,
          "text": "みどり",
          "label": "緑",
          "start": 28.91,
          "end": 29.581,
          "duration": 0.671,
          "speechUnitCount": 1,
          "method": "ffmpeg-silencedetect-order",
          "confidence": "high"
        }
      },
      {
        "id": "l16-v019",
        "kana": "あし",
        "writing": "足",
        "meaningZh": [
          "脚"
        ],
        "partOfSpeech": "名",
        "rawText": "あし（足）[名] 脚",
        "confidence": "high",
        "audioSegment": {
          "id": "l16-v019",
          "trackId": "lesson_words",
          "sourceUrl": "https://japaflow-audio-bucket.oss-cn-shanghai.aliyuncs.com/textbook-audio/book1-unit4/lesson16/lesson_words.mp3",
          "localAudioPath": "data/ocr/audio-cache/lesson16/lesson_words.mp3",
          "itemIndex": 19,
          "text": "あし",
          "label": "足",
          "start": 30.272,
          "end": 30.828,
          "duration": 0.556,
          "speechUnitCount": 1,
          "method": "ffmpeg-silencedetect-order",
          "confidence": "high"
        }
      },
      {
        "id": "l16-v020",
        "kana": "ゆび",
        "writing": "指",
        "meaningZh": [
          "手指",
          "指头"
        ],
        "partOfSpeech": "名",
        "rawText": "ゆび（指）[名] 手指，指头",
        "confidence": "high",
        "audioSegment": {
          "id": "l16-v020",
          "trackId": "lesson_words",
          "sourceUrl": "https://japaflow-audio-bucket.oss-cn-shanghai.aliyuncs.com/textbook-audio/book1-unit4/lesson16/lesson_words.mp3",
          "localAudioPath": "data/ocr/audio-cache/lesson16/lesson_words.mp3",
          "itemIndex": 20,
          "text": "ゆび",
          "label": "指",
          "start": 31.478,
          "end": 32.048,
          "duration": 0.57,
          "speechUnitCount": 1,
          "method": "ffmpeg-silencedetect-order",
          "confidence": "high"
        }
      },
      {
        "id": "l16-v021",
        "kana": "め",
        "writing": "目",
        "meaningZh": [
          "眼",
          "眼睛"
        ],
        "partOfSpeech": "名",
        "rawText": "め（目）[名] 眼，眼睛",
        "confidence": "high",
        "audioSegment": {
          "id": "l16-v021",
          "trackId": "lesson_words",
          "sourceUrl": "https://japaflow-audio-bucket.oss-cn-shanghai.aliyuncs.com/textbook-audio/book1-unit4/lesson16/lesson_words.mp3",
          "localAudioPath": "data/ocr/audio-cache/lesson16/lesson_words.mp3",
          "itemIndex": 21,
          "text": "め",
          "label": "目",
          "start": 32.774,
          "end": 33.112,
          "duration": 0.338,
          "speechUnitCount": 1,
          "method": "ffmpeg-silencedetect-order",
          "confidence": "high"
        }
      },
      {
        "id": "l16-v022",
        "kana": "はな",
        "writing": "鼻",
        "meaningZh": [
          "鼻",
          "鼻子"
        ],
        "partOfSpeech": "名",
        "rawText": "はな（鼻）[名] 鼻，鼻子",
        "confidence": "high",
        "audioSegment": {
          "id": "l16-v022",
          "trackId": "lesson_words",
          "sourceUrl": "https://japaflow-audio-bucket.oss-cn-shanghai.aliyuncs.com/textbook-audio/book1-unit4/lesson16/lesson_words.mp3",
          "localAudioPath": "data/ocr/audio-cache/lesson16/lesson_words.mp3",
          "itemIndex": 22,
          "text": "はな",
          "label": "鼻",
          "start": 33.964,
          "end": 34.582,
          "duration": 0.619,
          "speechUnitCount": 1,
          "method": "ffmpeg-silencedetect-order",
          "confidence": "high"
        }
      },
      {
        "id": "l16-v023",
        "kana": "かお",
        "writing": "顔",
        "meaningZh": [
          "脸",
          "颜面"
        ],
        "partOfSpeech": "名",
        "rawText": "かお（顔）[名] 脸，颜面",
        "confidence": "high",
        "audioSegment": {
          "id": "l16-v023",
          "trackId": "lesson_words",
          "sourceUrl": "https://japaflow-audio-bucket.oss-cn-shanghai.aliyuncs.com/textbook-audio/book1-unit4/lesson16/lesson_words.mp3",
          "localAudioPath": "data/ocr/audio-cache/lesson16/lesson_words.mp3",
          "itemIndex": 23,
          "text": "かお",
          "label": "顔",
          "start": 35.342,
          "end": 35.857,
          "duration": 0.515,
          "speechUnitCount": 1,
          "method": "ffmpeg-silencedetect-order",
          "confidence": "high"
        }
      },
      {
        "id": "l16-v024",
        "kana": "あたま",
        "writing": "頭",
        "meaningZh": [
          "头",
          "头脑"
        ],
        "partOfSpeech": "名",
        "rawText": "あたま（頭）[名] 头，头脑",
        "confidence": "high",
        "audioSegment": {
          "id": "l16-v024",
          "trackId": "lesson_words",
          "sourceUrl": "https://japaflow-audio-bucket.oss-cn-shanghai.aliyuncs.com/textbook-audio/book1-unit4/lesson16/lesson_words.mp3",
          "localAudioPath": "data/ocr/audio-cache/lesson16/lesson_words.mp3",
          "itemIndex": 24,
          "text": "あたま",
          "label": "頭",
          "start": 36.93,
          "end": 37.633,
          "duration": 0.703,
          "speechUnitCount": 1,
          "method": "ffmpeg-silencedetect-order",
          "confidence": "high"
        }
      },
      {
        "id": "l16-v025",
        "kana": "アイディーカード",
        "writing": "IDカード",
        "meaningZh": [
          "身份证件"
        ],
        "partOfSpeech": "名",
        "rawText": "アイディーカード（ID〜）[名] 身份证件",
        "confidence": "high",
        "audioSegment": {
          "id": "l16-v025",
          "trackId": "lesson_words",
          "sourceUrl": "https://japaflow-audio-bucket.oss-cn-shanghai.aliyuncs.com/textbook-audio/book1-unit4/lesson16/lesson_words.mp3",
          "localAudioPath": "data/ocr/audio-cache/lesson16/lesson_words.mp3",
          "itemIndex": 25,
          "text": "アイディーカード",
          "label": "IDカード",
          "start": 38.618,
          "end": 39.825,
          "duration": 1.207,
          "speechUnitCount": 1,
          "method": "ffmpeg-silencedetect-order",
          "confidence": "high"
        }
      },
      {
        "id": "l16-v026",
        "kana": "まちがい",
        "writing": "間違い",
        "meaningZh": [
          "错误",
          "失误"
        ],
        "partOfSpeech": "名",
        "rawText": "まちがい（間違い）[名] 错误，失误",
        "confidence": "high",
        "audioSegment": {
          "id": "l16-v026",
          "trackId": "lesson_words",
          "sourceUrl": "https://japaflow-audio-bucket.oss-cn-shanghai.aliyuncs.com/textbook-audio/book1-unit4/lesson16/lesson_words.mp3",
          "localAudioPath": "data/ocr/audio-cache/lesson16/lesson_words.mp3",
          "itemIndex": 26,
          "text": "まちがい",
          "label": "間違い",
          "start": 40.914,
          "end": 41.762,
          "duration": 0.847,
          "speechUnitCount": 1,
          "method": "ffmpeg-silencedetect-order",
          "confidence": "high"
        }
      },
      {
        "id": "l16-v027",
        "kana": "もんだい",
        "writing": "問題",
        "meaningZh": [
          "问题"
        ],
        "partOfSpeech": "名",
        "rawText": "もんだい（問題）[名] 问题",
        "confidence": "high",
        "audioSegment": {
          "id": "l16-v027",
          "trackId": "lesson_words",
          "sourceUrl": "https://japaflow-audio-bucket.oss-cn-shanghai.aliyuncs.com/textbook-audio/book1-unit4/lesson16/lesson_words.mp3",
          "localAudioPath": "data/ocr/audio-cache/lesson16/lesson_words.mp3",
          "itemIndex": 27,
          "text": "もんだい",
          "label": "問題",
          "start": 42.518,
          "end": 43.237,
          "duration": 0.719,
          "speechUnitCount": 1,
          "method": "ffmpeg-silencedetect-order",
          "confidence": "high"
        }
      },
      {
        "id": "l16-v028",
        "kana": "こうこく",
        "writing": "広告",
        "meaningZh": [
          "广告"
        ],
        "partOfSpeech": "名",
        "rawText": "こうこく（広告）[名] 广告",
        "confidence": "high",
        "audioSegment": {
          "id": "l16-v028",
          "trackId": "lesson_words",
          "sourceUrl": "https://japaflow-audio-bucket.oss-cn-shanghai.aliyuncs.com/textbook-audio/book1-unit4/lesson16/lesson_words.mp3",
          "localAudioPath": "data/ocr/audio-cache/lesson16/lesson_words.mp3",
          "itemIndex": 28,
          "text": "こうこく",
          "label": "広告",
          "start": 44.234,
          "end": 45.085,
          "duration": 0.85,
          "speechUnitCount": 1,
          "method": "ffmpeg-silencedetect-order",
          "confidence": "high"
        }
      },
      {
        "id": "l16-v029",
        "kana": "かんばん",
        "writing": "看板",
        "meaningZh": [
          "牌子"
        ],
        "partOfSpeech": "名",
        "rawText": "かんばん（看板）[名] 牌子",
        "confidence": "high",
        "audioSegment": {
          "id": "l16-v029",
          "trackId": "lesson_words",
          "sourceUrl": "https://japaflow-audio-bucket.oss-cn-shanghai.aliyuncs.com/textbook-audio/book1-unit4/lesson16/lesson_words.mp3",
          "localAudioPath": "data/ocr/audio-cache/lesson16/lesson_words.mp3",
          "itemIndex": 29,
          "text": "かんばん",
          "label": "看板",
          "start": 45.746,
          "end": 46.518,
          "duration": 0.773,
          "speechUnitCount": 1,
          "method": "ffmpeg-silencedetect-order",
          "confidence": "high"
        }
      },
      {
        "id": "l16-v030",
        "kana": "てんじじょう",
        "writing": "展示場",
        "meaningZh": [
          "展览会场"
        ],
        "partOfSpeech": "名",
        "rawText": "てんじじょう（展示場）[名] 展览会场",
        "confidence": "high",
        "audioSegment": {
          "id": "l16-v030",
          "trackId": "lesson_words",
          "sourceUrl": "https://japaflow-audio-bucket.oss-cn-shanghai.aliyuncs.com/textbook-audio/book1-unit4/lesson16/lesson_words.mp3",
          "localAudioPath": "data/ocr/audio-cache/lesson16/lesson_words.mp3",
          "itemIndex": 30,
          "text": "てんじじょう",
          "label": "展示場",
          "start": 47.271,
          "end": 48.443,
          "duration": 1.172,
          "speechUnitCount": 1,
          "method": "ffmpeg-silencedetect-order",
          "confidence": "high"
        }
      },
      {
        "id": "l16-v031",
        "kana": "にゅうじょうりょう",
        "writing": "入場料",
        "meaningZh": [
          "门票",
          "进场费"
        ],
        "partOfSpeech": "名",
        "rawText": "にゅうじょうりょう（入場料）[名] 门票，进场费",
        "confidence": "high",
        "audioSegment": {
          "id": "l16-v031",
          "trackId": "lesson_words",
          "sourceUrl": "https://japaflow-audio-bucket.oss-cn-shanghai.aliyuncs.com/textbook-audio/book1-unit4/lesson16/lesson_words.mp3",
          "localAudioPath": "data/ocr/audio-cache/lesson16/lesson_words.mp3",
          "itemIndex": 31,
          "text": "にゅうじょうりょう",
          "label": "入場料",
          "start": 49.351,
          "end": 50.516,
          "duration": 1.165,
          "speechUnitCount": 1,
          "method": "ffmpeg-silencedetect-order",
          "confidence": "high"
        }
      },
      {
        "id": "l16-v032",
        "kana": "サービス",
        "writing": "サービス",
        "meaningZh": [
          "服务"
        ],
        "partOfSpeech": "名",
        "rawText": "サービス [名] 服务",
        "confidence": "high",
        "audioSegment": {
          "id": "l16-v032",
          "trackId": "lesson_words",
          "sourceUrl": "https://japaflow-audio-bucket.oss-cn-shanghai.aliyuncs.com/textbook-audio/book1-unit4/lesson16/lesson_words.mp3",
          "localAudioPath": "data/ocr/audio-cache/lesson16/lesson_words.mp3",
          "itemIndex": 32,
          "text": "サービス",
          "label": "サービス",
          "start": 51.142,
          "end": 52.039,
          "duration": 0.897,
          "speechUnitCount": 1,
          "method": "ffmpeg-silencedetect-order",
          "confidence": "high"
        }
      },
      {
        "id": "l16-v033",
        "kana": "てんじょう",
        "writing": "天井",
        "meaningZh": [
          "天棚"
        ],
        "partOfSpeech": "名",
        "rawText": "てんじょう（天井）[名] 天棚",
        "confidence": "high",
        "audioSegment": {
          "id": "l16-v033",
          "trackId": "lesson_words",
          "sourceUrl": "https://japaflow-audio-bucket.oss-cn-shanghai.aliyuncs.com/textbook-audio/book1-unit4/lesson16/lesson_words.mp3",
          "localAudioPath": "data/ocr/audio-cache/lesson16/lesson_words.mp3",
          "itemIndex": 33,
          "text": "てんじょう",
          "label": "天井",
          "start": 52.804,
          "end": 53.636,
          "duration": 0.832,
          "speechUnitCount": 1,
          "method": "ffmpeg-silencedetect-order",
          "confidence": "high"
        }
      },
      {
        "id": "l16-v034",
        "kana": "けいび",
        "writing": "警備",
        "meaningZh": [
          "戒备",
          "警备"
        ],
        "partOfSpeech": "名",
        "rawText": "けいび（警備）[名] 戒备，警备",
        "confidence": "high",
        "audioSegment": {
          "id": "l16-v034",
          "trackId": "lesson_words",
          "sourceUrl": "https://japaflow-audio-bucket.oss-cn-shanghai.aliyuncs.com/textbook-audio/book1-unit4/lesson16/lesson_words.mp3",
          "localAudioPath": "data/ocr/audio-cache/lesson16/lesson_words.mp3",
          "itemIndex": 34,
          "text": "けいび",
          "label": "警備",
          "start": 54.428,
          "end": 55.05,
          "duration": 0.621,
          "speechUnitCount": 1,
          "method": "ffmpeg-silencedetect-order",
          "confidence": "high"
        }
      },
      {
        "id": "l16-v035",
        "kana": "クリスマスツリー",
        "writing": "クリスマスツリー",
        "meaningZh": [
          "圣诞树"
        ],
        "partOfSpeech": "名",
        "rawText": "クリスマスツリー [名] 圣诞树",
        "confidence": "high",
        "audioSegment": {
          "id": "l16-v035",
          "trackId": "lesson_words",
          "sourceUrl": "https://japaflow-audio-bucket.oss-cn-shanghai.aliyuncs.com/textbook-audio/book1-unit4/lesson16/lesson_words.mp3",
          "localAudioPath": "data/ocr/audio-cache/lesson16/lesson_words.mp3",
          "itemIndex": 35,
          "text": "クリスマスツリー",
          "label": "クリスマスツリー",
          "start": 56.11,
          "end": 57.39,
          "duration": 1.28,
          "speechUnitCount": 1,
          "method": "ffmpeg-silencedetect-order",
          "confidence": "high"
        }
      },
      {
        "id": "l16-v036",
        "kana": "オーストラリアじん",
        "writing": "オーストラリア人",
        "meaningZh": [
          "澳大利亚人"
        ],
        "partOfSpeech": "名",
        "rawText": "オーストラリアじん（〜人）[名] 澳大利亚人",
        "confidence": "high",
        "audioSegment": {
          "id": "l16-v036",
          "trackId": "lesson_words",
          "sourceUrl": "https://japaflow-audio-bucket.oss-cn-shanghai.aliyuncs.com/textbook-audio/book1-unit4/lesson16/lesson_words.mp3",
          "localAudioPath": "data/ocr/audio-cache/lesson16/lesson_words.mp3",
          "itemIndex": 36,
          "text": "オーストラリアじん",
          "label": "オーストラリア人",
          "start": 58.884,
          "end": 60.371,
          "duration": 1.487,
          "speechUnitCount": 1,
          "method": "ffmpeg-silencedetect-order",
          "confidence": "high"
        }
      },
      {
        "id": "l16-v037",
        "kana": "みなさん",
        "writing": "皆さん",
        "meaningZh": [
          "大家",
          "诸位"
        ],
        "partOfSpeech": "名",
        "rawText": "みなさん（皆さん）[名] 大家，诸位",
        "confidence": "high",
        "audioSegment": {
          "id": "l16-v037",
          "trackId": "lesson_words",
          "sourceUrl": "https://japaflow-audio-bucket.oss-cn-shanghai.aliyuncs.com/textbook-audio/book1-unit4/lesson16/lesson_words.mp3",
          "localAudioPath": "data/ocr/audio-cache/lesson16/lesson_words.mp3",
          "itemIndex": 37,
          "text": "みなさん",
          "label": "皆さん",
          "start": 61.167,
          "end": 61.86,
          "duration": 0.693,
          "speechUnitCount": 1,
          "method": "ffmpeg-silencedetect-order",
          "confidence": "high"
        }
      },
      {
        "id": "l16-v038",
        "kana": "こ",
        "writing": "子",
        "meaningZh": [
          "孩子"
        ],
        "partOfSpeech": "名",
        "rawText": "こ（子）[名] 孩子",
        "confidence": "high",
        "audioSegment": {
          "id": "l16-v038",
          "trackId": "lesson_words",
          "sourceUrl": "https://japaflow-audio-bucket.oss-cn-shanghai.aliyuncs.com/textbook-audio/book1-unit4/lesson16/lesson_words.mp3",
          "localAudioPath": "data/ocr/audio-cache/lesson16/lesson_words.mp3",
          "itemIndex": 38,
          "text": "こ",
          "label": "子",
          "start": 62.54,
          "end": 62.86,
          "duration": 0.319,
          "speechUnitCount": 1,
          "method": "ffmpeg-silencedetect-order",
          "confidence": "high"
        }
      },
      {
        "id": "l16-v039",
        "kana": "よこ",
        "writing": "横",
        "meaningZh": [
          "旁边",
          "侧面"
        ],
        "partOfSpeech": "名",
        "rawText": "よこ（横）[名] 旁边，侧面",
        "confidence": "high",
        "audioSegment": {
          "id": "l16-v039",
          "trackId": "lesson_words",
          "sourceUrl": "https://japaflow-audio-bucket.oss-cn-shanghai.aliyuncs.com/textbook-audio/book1-unit4/lesson16/lesson_words.mp3",
          "localAudioPath": "data/ocr/audio-cache/lesson16/lesson_words.mp3",
          "itemIndex": 39,
          "text": "よこ",
          "label": "横",
          "start": 63.672,
          "end": 64.277,
          "duration": 0.606,
          "speechUnitCount": 1,
          "method": "ffmpeg-silencedetect-order",
          "confidence": "high"
        }
      },
      {
        "id": "l16-v040",
        "kana": "もちます",
        "writing": "持ちます",
        "meaningZh": [
          "有",
          "拥有",
          "持有"
        ],
        "partOfSpeech": "动1",
        "rawText": "もちます（持ちます）[动1] 有，拥有，持有",
        "confidence": "high",
        "audioSegment": {
          "id": "l16-v040",
          "trackId": "lesson_words",
          "sourceUrl": "https://japaflow-audio-bucket.oss-cn-shanghai.aliyuncs.com/textbook-audio/book1-unit4/lesson16/lesson_words.mp3",
          "localAudioPath": "data/ocr/audio-cache/lesson16/lesson_words.mp3",
          "itemIndex": 40,
          "text": "もちます",
          "label": "持ちます",
          "start": 65.321,
          "end": 66.233,
          "duration": 0.912,
          "speechUnitCount": 1,
          "method": "ffmpeg-silencedetect-order",
          "confidence": "high"
        }
      },
      {
        "id": "l16-v041",
        "kana": "すみます",
        "writing": "住みます",
        "meaningZh": [
          "住",
          "居住"
        ],
        "partOfSpeech": "动1",
        "rawText": "すみます（住みます）[动1] 住，居住",
        "confidence": "high",
        "audioSegment": {
          "id": "l16-v041",
          "trackId": "lesson_words",
          "sourceUrl": "https://japaflow-audio-bucket.oss-cn-shanghai.aliyuncs.com/textbook-audio/book1-unit4/lesson16/lesson_words.mp3",
          "localAudioPath": "data/ocr/audio-cache/lesson16/lesson_words.mp3",
          "itemIndex": 41,
          "text": "すみます",
          "label": "住みます",
          "start": 66.841,
          "end": 67.802,
          "duration": 0.961,
          "speechUnitCount": 1,
          "method": "ffmpeg-silencedetect-order",
          "confidence": "high"
        }
      },
      {
        "id": "l16-v042",
        "kana": "しります",
        "writing": "知ります",
        "meaningZh": [
          "认识",
          "知道",
          "了解"
        ],
        "partOfSpeech": "动1",
        "rawText": "しります（知ります）[动1] 认识，知道，了解",
        "confidence": "high",
        "audioSegment": {
          "id": "l16-v042",
          "trackId": "lesson_words",
          "sourceUrl": "https://japaflow-audio-bucket.oss-cn-shanghai.aliyuncs.com/textbook-audio/book1-unit4/lesson16/lesson_words.mp3",
          "localAudioPath": "data/ocr/audio-cache/lesson16/lesson_words.mp3",
          "itemIndex": 42,
          "text": "しります",
          "label": "知ります",
          "start": 68.461,
          "end": 69.392,
          "duration": 0.931,
          "speechUnitCount": 1,
          "method": "ffmpeg-silencedetect-order",
          "confidence": "high"
        }
      },
      {
        "id": "l16-v043",
        "kana": "なおします",
        "writing": "直します",
        "meaningZh": [
          "改",
          "修改",
          "改正"
        ],
        "partOfSpeech": "动1",
        "rawText": "なおします（直します）[动1] 改，修改，改正",
        "confidence": "high",
        "audioSegment": {
          "id": "l16-v043",
          "trackId": "lesson_words",
          "sourceUrl": "https://japaflow-audio-bucket.oss-cn-shanghai.aliyuncs.com/textbook-audio/book1-unit4/lesson16/lesson_words.mp3",
          "localAudioPath": "data/ocr/audio-cache/lesson16/lesson_words.mp3",
          "itemIndex": 43,
          "text": "なおします",
          "label": "直します",
          "start": 70.068,
          "end": 71.13,
          "duration": 1.062,
          "speechUnitCount": 1,
          "method": "ffmpeg-silencedetect-order",
          "confidence": "high"
        }
      },
      {
        "id": "l16-v044",
        "kana": "かたづけます",
        "writing": "片づけます",
        "meaningZh": [
          "收拾",
          "整理"
        ],
        "partOfSpeech": "动2",
        "rawText": "かたづけます（片づけます）[动2] 收拾，整理",
        "confidence": "high",
        "audioSegment": {
          "id": "l16-v044",
          "trackId": "lesson_words",
          "sourceUrl": "https://japaflow-audio-bucket.oss-cn-shanghai.aliyuncs.com/textbook-audio/book1-unit4/lesson16/lesson_words.mp3",
          "localAudioPath": "data/ocr/audio-cache/lesson16/lesson_words.mp3",
          "itemIndex": 44,
          "text": "かたづけます",
          "label": "片づけます",
          "start": 71.856,
          "end": 73.072,
          "duration": 1.216,
          "speechUnitCount": 1,
          "method": "ffmpeg-silencedetect-order",
          "confidence": "high"
        }
      },
      {
        "id": "l16-v045",
        "kana": "れんしゅうします",
        "writing": "練習します",
        "meaningZh": [
          "练习"
        ],
        "partOfSpeech": "动3",
        "rawText": "れんしゅうします（練習〜）[动3] 练习",
        "confidence": "high",
        "audioSegment": {
          "id": "l16-v045",
          "trackId": "lesson_words",
          "sourceUrl": "https://japaflow-audio-bucket.oss-cn-shanghai.aliyuncs.com/textbook-audio/book1-unit4/lesson16/lesson_words.mp3",
          "localAudioPath": "data/ocr/audio-cache/lesson16/lesson_words.mp3",
          "itemIndex": 45,
          "text": "れんしゅうします",
          "label": "練習します",
          "start": 73.953,
          "end": 75.286,
          "duration": 1.332,
          "speechUnitCount": 1,
          "method": "ffmpeg-silencedetect-order",
          "confidence": "high"
        }
      },
      {
        "id": "l16-v046",
        "kana": "けっこんします",
        "writing": "結婚します",
        "meaningZh": [
          "结婚"
        ],
        "partOfSpeech": "动3",
        "rawText": "けっこんします（結婚〜）[动3] 结婚",
        "confidence": "high",
        "audioSegment": {
          "id": "l16-v046",
          "trackId": "lesson_words",
          "sourceUrl": "https://japaflow-audio-bucket.oss-cn-shanghai.aliyuncs.com/textbook-audio/book1-unit4/lesson16/lesson_words.mp3",
          "localAudioPath": "data/ocr/audio-cache/lesson16/lesson_words.mp3",
          "itemIndex": 46,
          "text": "けっこんします",
          "label": "結婚します",
          "start": 76.195,
          "end": 77.627,
          "duration": 1.431,
          "speechUnitCount": 1,
          "method": "ffmpeg-silencedetect-order",
          "confidence": "high"
        }
      },
      {
        "id": "l16-v047",
        "kana": "あんしんします",
        "writing": "安心します",
        "meaningZh": [
          "安心",
          "放心"
        ],
        "partOfSpeech": "动3",
        "rawText": "あんしんします（安心〜）[动3] 安心，放心",
        "confidence": "high",
        "audioSegment": {
          "id": "l16-v047",
          "trackId": "lesson_words",
          "sourceUrl": "https://japaflow-audio-bucket.oss-cn-shanghai.aliyuncs.com/textbook-audio/book1-unit4/lesson16/lesson_words.mp3",
          "localAudioPath": "data/ocr/audio-cache/lesson16/lesson_words.mp3",
          "itemIndex": 47,
          "text": "あんしんします",
          "label": "安心します",
          "start": 78.208,
          "end": 79.497,
          "duration": 1.289,
          "speechUnitCount": 1,
          "method": "ffmpeg-silencedetect-order",
          "confidence": "high"
        }
      },
      {
        "id": "l16-v048",
        "kana": "あかるい",
        "writing": "明るい",
        "meaningZh": [
          "明亮",
          "开朗"
        ],
        "partOfSpeech": "形1",
        "rawText": "あかるい（明るい）[形1] 明亮，开朗",
        "confidence": "high",
        "audioSegment": {
          "id": "l16-v048",
          "trackId": "lesson_words",
          "sourceUrl": "https://japaflow-audio-bucket.oss-cn-shanghai.aliyuncs.com/textbook-audio/book1-unit4/lesson16/lesson_words.mp3",
          "localAudioPath": "data/ocr/audio-cache/lesson16/lesson_words.mp3",
          "itemIndex": 48,
          "text": "あかるい",
          "label": "明るい",
          "start": 80.003,
          "end": 80.843,
          "duration": 0.84,
          "speechUnitCount": 1,
          "method": "ffmpeg-silencedetect-order",
          "confidence": "high"
        }
      },
      {
        "id": "l16-v049",
        "kana": "ながい",
        "writing": "長い",
        "meaningZh": [
          "长",
          "长久",
          "长远"
        ],
        "partOfSpeech": "形1",
        "rawText": "ながい（長い）[形1] 长，长久，长远",
        "confidence": "high",
        "audioSegment": {
          "id": "l16-v049",
          "trackId": "lesson_words",
          "sourceUrl": "https://japaflow-audio-bucket.oss-cn-shanghai.aliyuncs.com/textbook-audio/book1-unit4/lesson16/lesson_words.mp3",
          "localAudioPath": "data/ocr/audio-cache/lesson16/lesson_words.mp3",
          "itemIndex": 49,
          "text": "ながい",
          "label": "長い",
          "start": 81.534,
          "end": 82.196,
          "duration": 0.663,
          "speechUnitCount": 1,
          "method": "ffmpeg-silencedetect-order",
          "confidence": "high"
        }
      },
      {
        "id": "l16-v050",
        "kana": "みじかい",
        "writing": "短い",
        "meaningZh": [
          "短",
          "短暂"
        ],
        "partOfSpeech": "形1",
        "rawText": "みじかい（短い）[形1] 短，短暂",
        "confidence": "high",
        "audioSegment": {
          "id": "l16-v050",
          "trackId": "lesson_words",
          "sourceUrl": "https://japaflow-audio-bucket.oss-cn-shanghai.aliyuncs.com/textbook-audio/book1-unit4/lesson16/lesson_words.mp3",
          "localAudioPath": "data/ocr/audio-cache/lesson16/lesson_words.mp3",
          "itemIndex": 50,
          "text": "みじかい",
          "label": "短い",
          "start": 82.707,
          "end": 83.496,
          "duration": 0.789,
          "speechUnitCount": 1,
          "method": "ffmpeg-silencedetect-order",
          "confidence": "high"
        }
      },
      {
        "id": "l16-v051",
        "kana": "かるい",
        "writing": "軽い",
        "meaningZh": [
          "轻巧",
          "轻",
          "轻松",
          "轻微"
        ],
        "partOfSpeech": "形1",
        "rawText": "かるい（軽い）[形1] 轻巧，轻，轻松，轻微",
        "confidence": "high",
        "audioSegment": {
          "id": "l16-v051",
          "trackId": "lesson_words",
          "sourceUrl": "https://japaflow-audio-bucket.oss-cn-shanghai.aliyuncs.com/textbook-audio/book1-unit4/lesson16/lesson_words.mp3",
          "localAudioPath": "data/ocr/audio-cache/lesson16/lesson_words.mp3",
          "itemIndex": 51,
          "text": "かるい",
          "label": "軽い",
          "start": 84.017,
          "end": 84.581,
          "duration": 0.564,
          "speechUnitCount": 1,
          "method": "ffmpeg-silencedetect-order",
          "confidence": "high"
        }
      },
      {
        "id": "l16-v052",
        "kana": "やさしい",
        "writing": "優しい",
        "meaningZh": [
          "和蔼",
          "温和",
          "体贴"
        ],
        "partOfSpeech": "形1",
        "rawText": "やさしい（優しい）[形1] 和蔼，温和，体贴",
        "confidence": "high",
        "audioSegment": {
          "id": "l16-v052",
          "trackId": "lesson_words",
          "sourceUrl": "https://japaflow-audio-bucket.oss-cn-shanghai.aliyuncs.com/textbook-audio/book1-unit4/lesson16/lesson_words.mp3",
          "localAudioPath": "data/ocr/audio-cache/lesson16/lesson_words.mp3",
          "itemIndex": 52,
          "text": "やさしい",
          "label": "優しい",
          "start": 85.153,
          "end": 86.189,
          "duration": 1.035,
          "speechUnitCount": 1,
          "method": "ffmpeg-silencedetect-order",
          "confidence": "high"
        }
      },
      {
        "id": "l16-v053",
        "kana": "ほそい",
        "writing": "細い",
        "meaningZh": [
          "小",
          "细长",
          "纤细"
        ],
        "partOfSpeech": "形1",
        "rawText": "ほそい（細い）[形1] 小，细长，纤细",
        "confidence": "high",
        "audioSegment": {
          "id": "l16-v053",
          "trackId": "lesson_words",
          "sourceUrl": "https://japaflow-audio-bucket.oss-cn-shanghai.aliyuncs.com/textbook-audio/book1-unit4/lesson16/lesson_words.mp3",
          "localAudioPath": "data/ocr/audio-cache/lesson16/lesson_words.mp3",
          "itemIndex": 53,
          "text": "ほそい",
          "label": "細い",
          "start": 86.622,
          "end": 87.176,
          "duration": 0.554,
          "speechUnitCount": 1,
          "method": "ffmpeg-silencedetect-order",
          "confidence": "high"
        }
      },
      {
        "id": "l16-v054",
        "kana": "ふとい",
        "writing": "太い",
        "meaningZh": [
          "粗",
          "胖"
        ],
        "partOfSpeech": "形1",
        "rawText": "ふとい（太い）[形1] 粗，胖",
        "confidence": "high",
        "audioSegment": {
          "id": "l16-v054",
          "trackId": "lesson_words",
          "sourceUrl": "https://japaflow-audio-bucket.oss-cn-shanghai.aliyuncs.com/textbook-audio/book1-unit4/lesson16/lesson_words.mp3",
          "localAudioPath": "data/ocr/audio-cache/lesson16/lesson_words.mp3",
          "itemIndex": 54,
          "text": "ふとい",
          "label": "太い",
          "start": 87.882,
          "end": 88.504,
          "duration": 0.622,
          "speechUnitCount": 1,
          "method": "ffmpeg-silencedetect-order",
          "confidence": "high"
        }
      },
      {
        "id": "l16-v055",
        "kana": "くろい",
        "writing": "黒い",
        "meaningZh": [
          "黑",
          "黑色"
        ],
        "partOfSpeech": "形1",
        "rawText": "くろい（黒い）[形1] 黑，黑色",
        "confidence": "high",
        "audioSegment": {
          "id": "l16-v055",
          "trackId": "lesson_words",
          "sourceUrl": "https://japaflow-audio-bucket.oss-cn-shanghai.aliyuncs.com/textbook-audio/book1-unit4/lesson16/lesson_words.mp3",
          "localAudioPath": "data/ocr/audio-cache/lesson16/lesson_words.mp3",
          "itemIndex": 55,
          "text": "くろい",
          "label": "黒い",
          "start": 89.06,
          "end": 89.591,
          "duration": 0.531,
          "speechUnitCount": 1,
          "method": "ffmpeg-silencedetect-order",
          "confidence": "high"
        }
      },
      {
        "id": "l16-v056",
        "kana": "ユニーク",
        "writing": "ユニーク",
        "meaningZh": [
          "独特"
        ],
        "partOfSpeech": "形2",
        "rawText": "ユニーク [形2] 独特",
        "confidence": "high",
        "audioSegment": {
          "id": "l16-v056",
          "trackId": "lesson_words",
          "sourceUrl": "https://japaflow-audio-bucket.oss-cn-shanghai.aliyuncs.com/textbook-audio/book1-unit4/lesson16/lesson_words.mp3",
          "localAudioPath": "data/ocr/audio-cache/lesson16/lesson_words.mp3",
          "itemIndex": 56,
          "text": "ユニーク",
          "label": "ユニーク",
          "start": 90.288,
          "end": 91.102,
          "duration": 0.814,
          "speechUnitCount": 1,
          "method": "ffmpeg-silencedetect-order",
          "confidence": "high"
        }
      },
      {
        "id": "l16-v057",
        "kana": "あんぜん",
        "writing": "安全",
        "meaningZh": [
          "安全"
        ],
        "partOfSpeech": "形2",
        "rawText": "あんぜん（安全）[形2] 安全",
        "confidence": "high",
        "audioSegment": {
          "id": "l16-v057",
          "trackId": "lesson_words",
          "sourceUrl": "https://japaflow-audio-bucket.oss-cn-shanghai.aliyuncs.com/textbook-audio/book1-unit4/lesson16/lesson_words.mp3",
          "localAudioPath": "data/ocr/audio-cache/lesson16/lesson_words.mp3",
          "itemIndex": 57,
          "text": "あんぜん",
          "label": "安全",
          "start": 91.601,
          "end": 92.381,
          "duration": 0.781,
          "speechUnitCount": 1,
          "method": "ffmpeg-silencedetect-order",
          "confidence": "high"
        }
      },
      {
        "id": "l16-v058",
        "kana": "はで",
        "writing": "派手",
        "meaningZh": [
          "耀眼",
          "花哨"
        ],
        "partOfSpeech": "形2",
        "rawText": "はで（派手）[形2] 耀眼，花哨",
        "confidence": "high",
        "audioSegment": {
          "id": "l16-v058",
          "trackId": "lesson_words",
          "sourceUrl": "https://japaflow-audio-bucket.oss-cn-shanghai.aliyuncs.com/textbook-audio/book1-unit4/lesson16/lesson_words.mp3",
          "localAudioPath": "data/ocr/audio-cache/lesson16/lesson_words.mp3",
          "itemIndex": 58,
          "text": "はで",
          "label": "派手",
          "start": 92.885,
          "end": 93.441,
          "duration": 0.556,
          "speechUnitCount": 1,
          "method": "ffmpeg-silencedetect-order",
          "confidence": "high"
        }
      },
      {
        "id": "l16-v059",
        "kana": "じみ",
        "writing": "地味",
        "meaningZh": [
          "朴素",
          "质朴"
        ],
        "partOfSpeech": "形2",
        "rawText": "じみ（地味）[形2] 朴素，质朴",
        "confidence": "high",
        "audioSegment": {
          "id": "l16-v059",
          "trackId": "lesson_words",
          "sourceUrl": "https://japaflow-audio-bucket.oss-cn-shanghai.aliyuncs.com/textbook-audio/book1-unit4/lesson16/lesson_words.mp3",
          "localAudioPath": "data/ocr/audio-cache/lesson16/lesson_words.mp3",
          "itemIndex": 59,
          "text": "じみ",
          "label": "地味",
          "start": 94.123,
          "end": 94.692,
          "duration": 0.569,
          "speechUnitCount": 1,
          "method": "ffmpeg-silencedetect-order",
          "confidence": "high"
        }
      },
      {
        "id": "l16-v060",
        "kana": "げんじゅう",
        "writing": "厳重",
        "meaningZh": [
          "森严",
          "严格"
        ],
        "partOfSpeech": "形2",
        "rawText": "げんじゅう（厳重）[形2] 森严，严格",
        "confidence": "high",
        "audioSegment": {
          "id": "l16-v060",
          "trackId": "lesson_words",
          "sourceUrl": "https://japaflow-audio-bucket.oss-cn-shanghai.aliyuncs.com/textbook-audio/book1-unit4/lesson16/lesson_words.mp3",
          "localAudioPath": "data/ocr/audio-cache/lesson16/lesson_words.mp3",
          "itemIndex": 60,
          "text": "げんじゅう",
          "label": "厳重",
          "start": 95.491,
          "end": 96.522,
          "duration": 1.031,
          "speechUnitCount": 1,
          "method": "ffmpeg-silencedetect-order",
          "confidence": "high"
        }
      },
      {
        "id": "l16-v061",
        "kana": "まじめ",
        "writing": "まじめ",
        "meaningZh": [
          "认真",
          "严肃"
        ],
        "partOfSpeech": "形2",
        "rawText": "まじめ [形2] 认真，严肃",
        "confidence": "high",
        "audioSegment": {
          "id": "l16-v061",
          "trackId": "lesson_words",
          "sourceUrl": "https://japaflow-audio-bucket.oss-cn-shanghai.aliyuncs.com/textbook-audio/book1-unit4/lesson16/lesson_words.mp3",
          "localAudioPath": "data/ocr/audio-cache/lesson16/lesson_words.mp3",
          "itemIndex": 61,
          "text": "まじめ",
          "label": "まじめ",
          "start": 96.989,
          "end": 97.703,
          "duration": 0.714,
          "speechUnitCount": 1,
          "method": "ffmpeg-silencedetect-order",
          "confidence": "high"
        }
      },
      {
        "id": "l16-v062",
        "kana": "たいせつ",
        "writing": "大切",
        "meaningZh": [
          "重要",
          "珍贵"
        ],
        "partOfSpeech": "形2",
        "rawText": "たいせつ（大切）[形2] 重要，珍贵",
        "confidence": "high",
        "audioSegment": {
          "id": "l16-v062",
          "trackId": "lesson_words",
          "sourceUrl": "https://japaflow-audio-bucket.oss-cn-shanghai.aliyuncs.com/textbook-audio/book1-unit4/lesson16/lesson_words.mp3",
          "localAudioPath": "data/ocr/audio-cache/lesson16/lesson_words.mp3",
          "itemIndex": 62,
          "text": "たいせつ",
          "label": "大切",
          "start": 98.446,
          "end": 99.411,
          "duration": 0.965,
          "speechUnitCount": 1,
          "method": "ffmpeg-silencedetect-order",
          "confidence": "high"
        }
      },
      {
        "id": "l16-v063",
        "kana": "ふくざつ",
        "writing": "複雑",
        "meaningZh": [
          "复杂",
          "繁杂"
        ],
        "partOfSpeech": "形2",
        "rawText": "ふくざつ（複雑）[形2] 复杂，繁杂",
        "confidence": "high",
        "audioSegment": {
          "id": "l16-v063",
          "trackId": "lesson_words",
          "sourceUrl": "https://japaflow-audio-bucket.oss-cn-shanghai.aliyuncs.com/textbook-audio/book1-unit4/lesson16/lesson_words.mp3",
          "localAudioPath": "data/ocr/audio-cache/lesson16/lesson_words.mp3",
          "itemIndex": 63,
          "text": "ふくざつ",
          "label": "複雑",
          "start": 99.964,
          "end": 100.88,
          "duration": 0.916,
          "speechUnitCount": 1,
          "method": "ffmpeg-silencedetect-order",
          "confidence": "high"
        }
      },
      {
        "id": "l16-v064",
        "kana": "ちゃんと",
        "writing": "ちゃんと",
        "meaningZh": [
          "好好地",
          "的确",
          "完全"
        ],
        "partOfSpeech": "副",
        "rawText": "ちゃんと [副] 好好地，的确，完全",
        "confidence": "high",
        "audioSegment": {
          "id": "l16-v064",
          "trackId": "lesson_words",
          "sourceUrl": "https://japaflow-audio-bucket.oss-cn-shanghai.aliyuncs.com/textbook-audio/book1-unit4/lesson16/lesson_words.mp3",
          "localAudioPath": "data/ocr/audio-cache/lesson16/lesson_words.mp3",
          "itemIndex": 64,
          "text": "ちゃんと",
          "label": "ちゃんと",
          "start": 101.654,
          "end": 102.519,
          "duration": 0.865,
          "speechUnitCount": 1,
          "method": "ffmpeg-silencedetect-order",
          "confidence": "high"
        }
      },
      {
        "id": "l16-v065",
        "kana": "まだ",
        "writing": "まだ",
        "meaningZh": [
          "还",
          "尚"
        ],
        "partOfSpeech": "副",
        "rawText": "まだ [副] 还，尚",
        "confidence": "high",
        "audioSegment": {
          "id": "l16-v065",
          "trackId": "lesson_words",
          "sourceUrl": "https://japaflow-audio-bucket.oss-cn-shanghai.aliyuncs.com/textbook-audio/book1-unit4/lesson16/lesson_words.mp3",
          "localAudioPath": "data/ocr/audio-cache/lesson16/lesson_words.mp3",
          "itemIndex": 65,
          "text": "まだ",
          "label": "まだ",
          "start": 103.056,
          "end": 103.469,
          "duration": 0.413,
          "speechUnitCount": 1,
          "method": "ffmpeg-silencedetect-order",
          "confidence": "high"
        }
      },
      {
        "id": "l16-v066",
        "kana": "すぐ",
        "writing": "すぐ",
        "meaningZh": [
          "马上",
          "立即"
        ],
        "partOfSpeech": "副",
        "rawText": "すぐ [副] 马上，立即",
        "confidence": "high",
        "audioSegment": {
          "id": "l16-v066",
          "trackId": "lesson_words",
          "sourceUrl": "https://japaflow-audio-bucket.oss-cn-shanghai.aliyuncs.com/textbook-audio/book1-unit4/lesson16/lesson_words.mp3",
          "localAudioPath": "data/ocr/audio-cache/lesson16/lesson_words.mp3",
          "itemIndex": 66,
          "text": "すぐ",
          "label": "すぐ",
          "start": 103.993,
          "end": 104.516,
          "duration": 0.523,
          "speechUnitCount": 1,
          "method": "ffmpeg-silencedetect-order",
          "confidence": "high"
        }
      },
      {
        "id": "l16-v067",
        "kana": "ずいぶん",
        "writing": "ずいぶん",
        "meaningZh": [
          "相当",
          "非常",
          "很"
        ],
        "partOfSpeech": "副",
        "rawText": "ずいぶん [副] 相当，非常，很",
        "confidence": "high",
        "audioSegment": {
          "id": "l16-v067",
          "trackId": "lesson_words",
          "sourceUrl": "https://japaflow-audio-bucket.oss-cn-shanghai.aliyuncs.com/textbook-audio/book1-unit4/lesson16/lesson_words.mp3",
          "localAudioPath": "data/ocr/audio-cache/lesson16/lesson_words.mp3",
          "itemIndex": 67,
          "text": "ずいぶん",
          "label": "ずいぶん",
          "start": 105.375,
          "end": 106.288,
          "duration": 0.913,
          "speechUnitCount": 1,
          "method": "ffmpeg-silencedetect-order",
          "confidence": "high"
        }
      },
      {
        "id": "l16-v068",
        "kana": "ほら",
        "writing": "ほら",
        "meaningZh": [
          "你看",
          "瞧",
          "喂"
        ],
        "partOfSpeech": "叹",
        "rawText": "ほら [叹] 你看，瞧，喂",
        "confidence": "high",
        "audioSegment": {
          "id": "l16-v068",
          "trackId": "lesson_words",
          "sourceUrl": "https://japaflow-audio-bucket.oss-cn-shanghai.aliyuncs.com/textbook-audio/book1-unit4/lesson16/lesson_words.mp3",
          "localAudioPath": "data/ocr/audio-cache/lesson16/lesson_words.mp3",
          "itemIndex": 68,
          "text": "ほら",
          "label": "ほら",
          "start": 106.861,
          "end": 107.234,
          "duration": 0.373,
          "speechUnitCount": 1,
          "method": "ffmpeg-silencedetect-order",
          "confidence": "high"
        }
      },
      {
        "id": "l16-v069",
        "kana": "にっちゅうでんき",
        "writing": "日中電気",
        "meaningZh": [
          "日中电器"
        ],
        "partOfSpeech": "专",
        "rawText": "にっちゅうでんき（日中電気）[专] 日中电器",
        "confidence": "high",
        "audioSegment": {
          "id": "l16-v069",
          "trackId": "lesson_words",
          "sourceUrl": "https://japaflow-audio-bucket.oss-cn-shanghai.aliyuncs.com/textbook-audio/book1-unit4/lesson16/lesson_words.mp3",
          "localAudioPath": "data/ocr/audio-cache/lesson16/lesson_words.mp3",
          "itemIndex": 69,
          "text": "にっちゅうでんき",
          "label": "日中電気",
          "start": 108.378,
          "end": 109.676,
          "duration": 1.298,
          "speechUnitCount": 1,
          "method": "ffmpeg-silencedetect-order",
          "confidence": "high"
        }
      },
      {
        "id": "l16-v070",
        "kana": "あたまがいい",
        "writing": "頭がいい",
        "meaningZh": [
          "脑子好",
          "聪明"
        ],
        "partOfSpeech": null,
        "rawText": "あたまがいい（頭がいい） 脑子好，聪明",
        "confidence": "high",
        "audioSegment": {
          "id": "l16-v070",
          "trackId": "lesson_words",
          "sourceUrl": "https://japaflow-audio-bucket.oss-cn-shanghai.aliyuncs.com/textbook-audio/book1-unit4/lesson16/lesson_words.mp3",
          "localAudioPath": "data/ocr/audio-cache/lesson16/lesson_words.mp3",
          "itemIndex": 70,
          "text": "あたまがいい",
          "label": "頭がいい",
          "start": 110.6,
          "end": 111.659,
          "duration": 1.059,
          "speechUnitCount": 1,
          "method": "ffmpeg-silencedetect-order",
          "confidence": "high"
        }
      },
      {
        "id": "l16-v071",
        "kana": "〜製／〜料／〜費／〜代",
        "writing": "〜製／〜料／〜費／〜代",
        "meaningZh": [],
        "partOfSpeech": null,
        "rawText": "〜製／〜料／〜費／〜代",
        "confidence": "high",
        "audioSegment": {
          "id": "l16-v071",
          "trackId": "lesson_words",
          "sourceUrl": "https://japaflow-audio-bucket.oss-cn-shanghai.aliyuncs.com/textbook-audio/book1-unit4/lesson16/lesson_words.mp3",
          "localAudioPath": "data/ocr/audio-cache/lesson16/lesson_words.mp3",
          "itemIndex": 71,
          "text": "〜製／〜料／〜費／〜代",
          "label": "〜製／〜料／〜費／〜代",
          "start": 113.07,
          "end": 118.261,
          "duration": 5.191,
          "speechUnitCount": 4,
          "method": "ffmpeg-silencedetect-order",
          "confidence": "high"
        }
      }
    ],
    "warnings": [
      "词汇表末尾的“〜製／〜料／〜費／〜代”未提供中文释义，已保留为空数组。"
    ],
    "audioAlignment": {
      "generatedAt": "2026-08-05T08:45:38.344Z",
      "method": "ffmpeg-silencedetect-order",
      "tracks": {
        "lesson_words": {
          "trackId": "lesson_words",
          "sourceUrl": "https://japaflow-audio-bucket.oss-cn-shanghai.aliyuncs.com/textbook-audio/book1-unit4/lesson16/lesson_words.mp3",
          "localAudioPath": "data/ocr/audio-cache/lesson16/lesson_words.mp3",
          "outputPath": "data/ocr/lesson16-vocabulary-audio.json",
          "duration": 119.85,
          "expectedItems": 71,
          "expectedSpeechUnits": 74,
          "skippedSpeechUnits": 0,
          "detectedSpeechIntervals": 74,
          "mappedSegments": 71,
          "selectedProfile": {
            "noiseDb": -40,
            "minSilence": 0.24
          },
          "warnings": [],
          "segments": [
            {
              "id": "l16-v001",
              "trackId": "lesson_words",
              "sourceUrl": "https://japaflow-audio-bucket.oss-cn-shanghai.aliyuncs.com/textbook-audio/book1-unit4/lesson16/lesson_words.mp3",
              "localAudioPath": "data/ocr/audio-cache/lesson16/lesson_words.mp3",
              "itemIndex": 1,
              "text": "そうさ",
              "label": "操作",
              "start": 0.759,
              "end": 1.454,
              "duration": 0.695,
              "speechUnitCount": 1,
              "method": "ffmpeg-silencedetect-order",
              "confidence": "high"
            },
            {
              "id": "l16-v002",
              "trackId": "lesson_words",
              "sourceUrl": "https://japaflow-audio-bucket.oss-cn-shanghai.aliyuncs.com/textbook-audio/book1-unit4/lesson16/lesson_words.mp3",
              "localAudioPath": "data/ocr/audio-cache/lesson16/lesson_words.mp3",
              "itemIndex": 2,
              "text": "きかい",
              "label": "機械",
              "start": 2.442,
              "end": 3.025,
              "duration": 0.583,
              "speechUnitCount": 1,
              "method": "ffmpeg-silencedetect-order",
              "confidence": "high"
            },
            {
              "id": "l16-v003",
              "trackId": "lesson_words",
              "sourceUrl": "https://japaflow-audio-bucket.oss-cn-shanghai.aliyuncs.com/textbook-audio/book1-unit4/lesson16/lesson_words.mp3",
              "localAudioPath": "data/ocr/audio-cache/lesson16/lesson_words.mp3",
              "itemIndex": 3,
              "text": "りょこうがいしゃ",
              "label": "旅行会社",
              "start": 4.019,
              "end": 5.257,
              "duration": 1.238,
              "speechUnitCount": 1,
              "method": "ffmpeg-silencedetect-order",
              "confidence": "high"
            },
            {
              "id": "l16-v004",
              "trackId": "lesson_words",
              "sourceUrl": "https://japaflow-audio-bucket.oss-cn-shanghai.aliyuncs.com/textbook-audio/book1-unit4/lesson16/lesson_words.mp3",
              "localAudioPath": "data/ocr/audio-cache/lesson16/lesson_words.mp3",
              "itemIndex": 4,
              "text": "こうくうがいしゃ",
              "label": "航空会社",
              "start": 5.958,
              "end": 7.203,
              "duration": 1.245,
              "speechUnitCount": 1,
              "method": "ffmpeg-silencedetect-order",
              "confidence": "high"
            },
            {
              "id": "l16-v005",
              "trackId": "lesson_words",
              "sourceUrl": "https://japaflow-audio-bucket.oss-cn-shanghai.aliyuncs.com/textbook-audio/book1-unit4/lesson16/lesson_words.mp3",
              "localAudioPath": "data/ocr/audio-cache/lesson16/lesson_words.mp3",
              "itemIndex": 5,
              "text": "えいぎょうぶ",
              "label": "営業部",
              "start": 7.893,
              "end": 8.792,
              "duration": 0.898,
              "speechUnitCount": 1,
              "method": "ffmpeg-silencedetect-order",
              "confidence": "high"
            },
            {
              "id": "l16-v006",
              "trackId": "lesson_words",
              "sourceUrl": "https://japaflow-audio-bucket.oss-cn-shanghai.aliyuncs.com/textbook-audio/book1-unit4/lesson16/lesson_words.mp3",
              "localAudioPath": "data/ocr/audio-cache/lesson16/lesson_words.mp3",
              "itemIndex": 6,
              "text": "アイティーさんぎょう",
              "label": "IT産業",
              "start": 9.976,
              "end": 11.402,
              "duration": 1.426,
              "speechUnitCount": 1,
              "method": "ffmpeg-silencedetect-order",
              "confidence": "high"
            },
            {
              "id": "l16-v007",
              "trackId": "lesson_words",
              "sourceUrl": "https://japaflow-audio-bucket.oss-cn-shanghai.aliyuncs.com/textbook-audio/book1-unit4/lesson16/lesson_words.mp3",
              "localAudioPath": "data/ocr/audio-cache/lesson16/lesson_words.mp3",
              "itemIndex": 7,
              "text": "せいひん",
              "label": "製品",
              "start": 11.981,
              "end": 12.849,
              "duration": 0.868,
              "speechUnitCount": 1,
              "method": "ffmpeg-silencedetect-order",
              "confidence": "high"
            },
            {
              "id": "l16-v008",
              "trackId": "lesson_words",
              "sourceUrl": "https://japaflow-audio-bucket.oss-cn-shanghai.aliyuncs.com/textbook-audio/book1-unit4/lesson16/lesson_words.mp3",
              "localAudioPath": "data/ocr/audio-cache/lesson16/lesson_words.mp3",
              "itemIndex": 8,
              "text": "けんちくか",
              "label": "建築家",
              "start": 14.064,
              "end": 15.032,
              "duration": 0.968,
              "speechUnitCount": 1,
              "method": "ffmpeg-silencedetect-order",
              "confidence": "high"
            },
            {
              "id": "l16-v009",
              "trackId": "lesson_words",
              "sourceUrl": "https://japaflow-audio-bucket.oss-cn-shanghai.aliyuncs.com/textbook-audio/book1-unit4/lesson16/lesson_words.mp3",
              "localAudioPath": "data/ocr/audio-cache/lesson16/lesson_words.mp3",
              "itemIndex": 9,
              "text": "せっけい",
              "label": "設計",
              "start": 15.658,
              "end": 16.642,
              "duration": 0.984,
              "speechUnitCount": 1,
              "method": "ffmpeg-silencedetect-order",
              "confidence": "high"
            },
            {
              "id": "l16-v010",
              "trackId": "lesson_words",
              "sourceUrl": "https://japaflow-audio-bucket.oss-cn-shanghai.aliyuncs.com/textbook-audio/book1-unit4/lesson16/lesson_words.mp3",
              "localAudioPath": "data/ocr/audio-cache/lesson16/lesson_words.mp3",
              "itemIndex": 10,
              "text": "デザイン",
              "label": "デザイン",
              "start": 17.688,
              "end": 18.554,
              "duration": 0.866,
              "speechUnitCount": 1,
              "method": "ffmpeg-silencedetect-order",
              "confidence": "high"
            },
            {
              "id": "l16-v011",
              "trackId": "lesson_words",
              "sourceUrl": "https://japaflow-audio-bucket.oss-cn-shanghai.aliyuncs.com/textbook-audio/book1-unit4/lesson16/lesson_words.mp3",
              "localAudioPath": "data/ocr/audio-cache/lesson16/lesson_words.mp3",
              "itemIndex": 11,
              "text": "かたち",
              "label": "形",
              "start": 19.141,
              "end": 19.897,
              "duration": 0.756,
              "speechUnitCount": 1,
              "method": "ffmpeg-silencedetect-order",
              "confidence": "high"
            },
            {
              "id": "l16-v012",
              "trackId": "lesson_words",
              "sourceUrl": "https://japaflow-audio-bucket.oss-cn-shanghai.aliyuncs.com/textbook-audio/book1-unit4/lesson16/lesson_words.mp3",
              "localAudioPath": "data/ocr/audio-cache/lesson16/lesson_words.mp3",
              "itemIndex": 12,
              "text": "さいしん",
              "label": "最新",
              "start": 20.706,
              "end": 21.663,
              "duration": 0.957,
              "speechUnitCount": 1,
              "method": "ffmpeg-silencedetect-order",
              "confidence": "high"
            },
            {
              "id": "l16-v013",
              "trackId": "lesson_words",
              "sourceUrl": "https://japaflow-audio-bucket.oss-cn-shanghai.aliyuncs.com/textbook-audio/book1-unit4/lesson16/lesson_words.mp3",
              "localAudioPath": "data/ocr/audio-cache/lesson16/lesson_words.mp3",
              "itemIndex": 13,
              "text": "ネクタイ",
              "label": "ネクタイ",
              "start": 22.164,
              "end": 22.878,
              "duration": 0.714,
              "speechUnitCount": 1,
              "method": "ffmpeg-silencedetect-order",
              "confidence": "high"
            },
            {
              "id": "l16-v014",
              "trackId": "lesson_words",
              "sourceUrl": "https://japaflow-audio-bucket.oss-cn-shanghai.aliyuncs.com/textbook-audio/book1-unit4/lesson16/lesson_words.mp3",
              "localAudioPath": "data/ocr/audio-cache/lesson16/lesson_words.mp3",
              "itemIndex": 14,
              "text": "さいふ",
              "label": "財布",
              "start": 23.555,
              "end": 24.369,
              "duration": 0.814,
              "speechUnitCount": 1,
              "method": "ffmpeg-silencedetect-order",
              "confidence": "high"
            },
            {
              "id": "l16-v015",
              "trackId": "lesson_words",
              "sourceUrl": "https://japaflow-audio-bucket.oss-cn-shanghai.aliyuncs.com/textbook-audio/book1-unit4/lesson16/lesson_words.mp3",
              "localAudioPath": "data/ocr/audio-cache/lesson16/lesson_words.mp3",
              "itemIndex": 15,
              "text": "かわ",
              "label": "革",
              "start": 24.962,
              "end": 25.485,
              "duration": 0.523,
              "speechUnitCount": 1,
              "method": "ffmpeg-silencedetect-order",
              "confidence": "high"
            },
            {
              "id": "l16-v016",
              "trackId": "lesson_words",
              "sourceUrl": "https://japaflow-audio-bucket.oss-cn-shanghai.aliyuncs.com/textbook-audio/book1-unit4/lesson16/lesson_words.mp3",
              "localAudioPath": "data/ocr/audio-cache/lesson16/lesson_words.mp3",
              "itemIndex": 16,
              "text": "ぬの",
              "label": "布",
              "start": 26.113,
              "end": 26.659,
              "duration": 0.546,
              "speechUnitCount": 1,
              "method": "ffmpeg-silencedetect-order",
              "confidence": "high"
            },
            {
              "id": "l16-v017",
              "trackId": "lesson_words",
              "sourceUrl": "https://japaflow-audio-bucket.oss-cn-shanghai.aliyuncs.com/textbook-audio/book1-unit4/lesson16/lesson_words.mp3",
              "localAudioPath": "data/ocr/audio-cache/lesson16/lesson_words.mp3",
              "itemIndex": 17,
              "text": "すいとう",
              "label": "水筒",
              "start": 27.383,
              "end": 28.372,
              "duration": 0.989,
              "speechUnitCount": 1,
              "method": "ffmpeg-silencedetect-order",
              "confidence": "high"
            },
            {
              "id": "l16-v018",
              "trackId": "lesson_words",
              "sourceUrl": "https://japaflow-audio-bucket.oss-cn-shanghai.aliyuncs.com/textbook-audio/book1-unit4/lesson16/lesson_words.mp3",
              "localAudioPath": "data/ocr/audio-cache/lesson16/lesson_words.mp3",
              "itemIndex": 18,
              "text": "みどり",
              "label": "緑",
              "start": 28.91,
              "end": 29.581,
              "duration": 0.671,
              "speechUnitCount": 1,
              "method": "ffmpeg-silencedetect-order",
              "confidence": "high"
            },
            {
              "id": "l16-v019",
              "trackId": "lesson_words",
              "sourceUrl": "https://japaflow-audio-bucket.oss-cn-shanghai.aliyuncs.com/textbook-audio/book1-unit4/lesson16/lesson_words.mp3",
              "localAudioPath": "data/ocr/audio-cache/lesson16/lesson_words.mp3",
              "itemIndex": 19,
              "text": "あし",
              "label": "足",
              "start": 30.272,
              "end": 30.828,
              "duration": 0.556,
              "speechUnitCount": 1,
              "method": "ffmpeg-silencedetect-order",
              "confidence": "high"
            },
            {
              "id": "l16-v020",
              "trackId": "lesson_words",
              "sourceUrl": "https://japaflow-audio-bucket.oss-cn-shanghai.aliyuncs.com/textbook-audio/book1-unit4/lesson16/lesson_words.mp3",
              "localAudioPath": "data/ocr/audio-cache/lesson16/lesson_words.mp3",
              "itemIndex": 20,
              "text": "ゆび",
              "label": "指",
              "start": 31.478,
              "end": 32.048,
              "duration": 0.57,
              "speechUnitCount": 1,
              "method": "ffmpeg-silencedetect-order",
              "confidence": "high"
            },
            {
              "id": "l16-v021",
              "trackId": "lesson_words",
              "sourceUrl": "https://japaflow-audio-bucket.oss-cn-shanghai.aliyuncs.com/textbook-audio/book1-unit4/lesson16/lesson_words.mp3",
              "localAudioPath": "data/ocr/audio-cache/lesson16/lesson_words.mp3",
              "itemIndex": 21,
              "text": "め",
              "label": "目",
              "start": 32.774,
              "end": 33.112,
              "duration": 0.338,
              "speechUnitCount": 1,
              "method": "ffmpeg-silencedetect-order",
              "confidence": "high"
            },
            {
              "id": "l16-v022",
              "trackId": "lesson_words",
              "sourceUrl": "https://japaflow-audio-bucket.oss-cn-shanghai.aliyuncs.com/textbook-audio/book1-unit4/lesson16/lesson_words.mp3",
              "localAudioPath": "data/ocr/audio-cache/lesson16/lesson_words.mp3",
              "itemIndex": 22,
              "text": "はな",
              "label": "鼻",
              "start": 33.964,
              "end": 34.582,
              "duration": 0.619,
              "speechUnitCount": 1,
              "method": "ffmpeg-silencedetect-order",
              "confidence": "high"
            },
            {
              "id": "l16-v023",
              "trackId": "lesson_words",
              "sourceUrl": "https://japaflow-audio-bucket.oss-cn-shanghai.aliyuncs.com/textbook-audio/book1-unit4/lesson16/lesson_words.mp3",
              "localAudioPath": "data/ocr/audio-cache/lesson16/lesson_words.mp3",
              "itemIndex": 23,
              "text": "かお",
              "label": "顔",
              "start": 35.342,
              "end": 35.857,
              "duration": 0.515,
              "speechUnitCount": 1,
              "method": "ffmpeg-silencedetect-order",
              "confidence": "high"
            },
            {
              "id": "l16-v024",
              "trackId": "lesson_words",
              "sourceUrl": "https://japaflow-audio-bucket.oss-cn-shanghai.aliyuncs.com/textbook-audio/book1-unit4/lesson16/lesson_words.mp3",
              "localAudioPath": "data/ocr/audio-cache/lesson16/lesson_words.mp3",
              "itemIndex": 24,
              "text": "あたま",
              "label": "頭",
              "start": 36.93,
              "end": 37.633,
              "duration": 0.703,
              "speechUnitCount": 1,
              "method": "ffmpeg-silencedetect-order",
              "confidence": "high"
            },
            {
              "id": "l16-v025",
              "trackId": "lesson_words",
              "sourceUrl": "https://japaflow-audio-bucket.oss-cn-shanghai.aliyuncs.com/textbook-audio/book1-unit4/lesson16/lesson_words.mp3",
              "localAudioPath": "data/ocr/audio-cache/lesson16/lesson_words.mp3",
              "itemIndex": 25,
              "text": "アイディーカード",
              "label": "IDカード",
              "start": 38.618,
              "end": 39.825,
              "duration": 1.207,
              "speechUnitCount": 1,
              "method": "ffmpeg-silencedetect-order",
              "confidence": "high"
            },
            {
              "id": "l16-v026",
              "trackId": "lesson_words",
              "sourceUrl": "https://japaflow-audio-bucket.oss-cn-shanghai.aliyuncs.com/textbook-audio/book1-unit4/lesson16/lesson_words.mp3",
              "localAudioPath": "data/ocr/audio-cache/lesson16/lesson_words.mp3",
              "itemIndex": 26,
              "text": "まちがい",
              "label": "間違い",
              "start": 40.914,
              "end": 41.762,
              "duration": 0.847,
              "speechUnitCount": 1,
              "method": "ffmpeg-silencedetect-order",
              "confidence": "high"
            },
            {
              "id": "l16-v027",
              "trackId": "lesson_words",
              "sourceUrl": "https://japaflow-audio-bucket.oss-cn-shanghai.aliyuncs.com/textbook-audio/book1-unit4/lesson16/lesson_words.mp3",
              "localAudioPath": "data/ocr/audio-cache/lesson16/lesson_words.mp3",
              "itemIndex": 27,
              "text": "もんだい",
              "label": "問題",
              "start": 42.518,
              "end": 43.237,
              "duration": 0.719,
              "speechUnitCount": 1,
              "method": "ffmpeg-silencedetect-order",
              "confidence": "high"
            },
            {
              "id": "l16-v028",
              "trackId": "lesson_words",
              "sourceUrl": "https://japaflow-audio-bucket.oss-cn-shanghai.aliyuncs.com/textbook-audio/book1-unit4/lesson16/lesson_words.mp3",
              "localAudioPath": "data/ocr/audio-cache/lesson16/lesson_words.mp3",
              "itemIndex": 28,
              "text": "こうこく",
              "label": "広告",
              "start": 44.234,
              "end": 45.085,
              "duration": 0.85,
              "speechUnitCount": 1,
              "method": "ffmpeg-silencedetect-order",
              "confidence": "high"
            },
            {
              "id": "l16-v029",
              "trackId": "lesson_words",
              "sourceUrl": "https://japaflow-audio-bucket.oss-cn-shanghai.aliyuncs.com/textbook-audio/book1-unit4/lesson16/lesson_words.mp3",
              "localAudioPath": "data/ocr/audio-cache/lesson16/lesson_words.mp3",
              "itemIndex": 29,
              "text": "かんばん",
              "label": "看板",
              "start": 45.746,
              "end": 46.518,
              "duration": 0.773,
              "speechUnitCount": 1,
              "method": "ffmpeg-silencedetect-order",
              "confidence": "high"
            },
            {
              "id": "l16-v030",
              "trackId": "lesson_words",
              "sourceUrl": "https://japaflow-audio-bucket.oss-cn-shanghai.aliyuncs.com/textbook-audio/book1-unit4/lesson16/lesson_words.mp3",
              "localAudioPath": "data/ocr/audio-cache/lesson16/lesson_words.mp3",
              "itemIndex": 30,
              "text": "てんじじょう",
              "label": "展示場",
              "start": 47.271,
              "end": 48.443,
              "duration": 1.172,
              "speechUnitCount": 1,
              "method": "ffmpeg-silencedetect-order",
              "confidence": "high"
            },
            {
              "id": "l16-v031",
              "trackId": "lesson_words",
              "sourceUrl": "https://japaflow-audio-bucket.oss-cn-shanghai.aliyuncs.com/textbook-audio/book1-unit4/lesson16/lesson_words.mp3",
              "localAudioPath": "data/ocr/audio-cache/lesson16/lesson_words.mp3",
              "itemIndex": 31,
              "text": "にゅうじょうりょう",
              "label": "入場料",
              "start": 49.351,
              "end": 50.516,
              "duration": 1.165,
              "speechUnitCount": 1,
              "method": "ffmpeg-silencedetect-order",
              "confidence": "high"
            },
            {
              "id": "l16-v032",
              "trackId": "lesson_words",
              "sourceUrl": "https://japaflow-audio-bucket.oss-cn-shanghai.aliyuncs.com/textbook-audio/book1-unit4/lesson16/lesson_words.mp3",
              "localAudioPath": "data/ocr/audio-cache/lesson16/lesson_words.mp3",
              "itemIndex": 32,
              "text": "サービス",
              "label": "サービス",
              "start": 51.142,
              "end": 52.039,
              "duration": 0.897,
              "speechUnitCount": 1,
              "method": "ffmpeg-silencedetect-order",
              "confidence": "high"
            },
            {
              "id": "l16-v033",
              "trackId": "lesson_words",
              "sourceUrl": "https://japaflow-audio-bucket.oss-cn-shanghai.aliyuncs.com/textbook-audio/book1-unit4/lesson16/lesson_words.mp3",
              "localAudioPath": "data/ocr/audio-cache/lesson16/lesson_words.mp3",
              "itemIndex": 33,
              "text": "てんじょう",
              "label": "天井",
              "start": 52.804,
              "end": 53.636,
              "duration": 0.832,
              "speechUnitCount": 1,
              "method": "ffmpeg-silencedetect-order",
              "confidence": "high"
            },
            {
              "id": "l16-v034",
              "trackId": "lesson_words",
              "sourceUrl": "https://japaflow-audio-bucket.oss-cn-shanghai.aliyuncs.com/textbook-audio/book1-unit4/lesson16/lesson_words.mp3",
              "localAudioPath": "data/ocr/audio-cache/lesson16/lesson_words.mp3",
              "itemIndex": 34,
              "text": "けいび",
              "label": "警備",
              "start": 54.428,
              "end": 55.05,
              "duration": 0.621,
              "speechUnitCount": 1,
              "method": "ffmpeg-silencedetect-order",
              "confidence": "high"
            },
            {
              "id": "l16-v035",
              "trackId": "lesson_words",
              "sourceUrl": "https://japaflow-audio-bucket.oss-cn-shanghai.aliyuncs.com/textbook-audio/book1-unit4/lesson16/lesson_words.mp3",
              "localAudioPath": "data/ocr/audio-cache/lesson16/lesson_words.mp3",
              "itemIndex": 35,
              "text": "クリスマスツリー",
              "label": "クリスマスツリー",
              "start": 56.11,
              "end": 57.39,
              "duration": 1.28,
              "speechUnitCount": 1,
              "method": "ffmpeg-silencedetect-order",
              "confidence": "high"
            },
            {
              "id": "l16-v036",
              "trackId": "lesson_words",
              "sourceUrl": "https://japaflow-audio-bucket.oss-cn-shanghai.aliyuncs.com/textbook-audio/book1-unit4/lesson16/lesson_words.mp3",
              "localAudioPath": "data/ocr/audio-cache/lesson16/lesson_words.mp3",
              "itemIndex": 36,
              "text": "オーストラリアじん",
              "label": "オーストラリア人",
              "start": 58.884,
              "end": 60.371,
              "duration": 1.487,
              "speechUnitCount": 1,
              "method": "ffmpeg-silencedetect-order",
              "confidence": "high"
            },
            {
              "id": "l16-v037",
              "trackId": "lesson_words",
              "sourceUrl": "https://japaflow-audio-bucket.oss-cn-shanghai.aliyuncs.com/textbook-audio/book1-unit4/lesson16/lesson_words.mp3",
              "localAudioPath": "data/ocr/audio-cache/lesson16/lesson_words.mp3",
              "itemIndex": 37,
              "text": "みなさん",
              "label": "皆さん",
              "start": 61.167,
              "end": 61.86,
              "duration": 0.693,
              "speechUnitCount": 1,
              "method": "ffmpeg-silencedetect-order",
              "confidence": "high"
            },
            {
              "id": "l16-v038",
              "trackId": "lesson_words",
              "sourceUrl": "https://japaflow-audio-bucket.oss-cn-shanghai.aliyuncs.com/textbook-audio/book1-unit4/lesson16/lesson_words.mp3",
              "localAudioPath": "data/ocr/audio-cache/lesson16/lesson_words.mp3",
              "itemIndex": 38,
              "text": "こ",
              "label": "子",
              "start": 62.54,
              "end": 62.86,
              "duration": 0.319,
              "speechUnitCount": 1,
              "method": "ffmpeg-silencedetect-order",
              "confidence": "high"
            },
            {
              "id": "l16-v039",
              "trackId": "lesson_words",
              "sourceUrl": "https://japaflow-audio-bucket.oss-cn-shanghai.aliyuncs.com/textbook-audio/book1-unit4/lesson16/lesson_words.mp3",
              "localAudioPath": "data/ocr/audio-cache/lesson16/lesson_words.mp3",
              "itemIndex": 39,
              "text": "よこ",
              "label": "横",
              "start": 63.672,
              "end": 64.277,
              "duration": 0.606,
              "speechUnitCount": 1,
              "method": "ffmpeg-silencedetect-order",
              "confidence": "high"
            },
            {
              "id": "l16-v040",
              "trackId": "lesson_words",
              "sourceUrl": "https://japaflow-audio-bucket.oss-cn-shanghai.aliyuncs.com/textbook-audio/book1-unit4/lesson16/lesson_words.mp3",
              "localAudioPath": "data/ocr/audio-cache/lesson16/lesson_words.mp3",
              "itemIndex": 40,
              "text": "もちます",
              "label": "持ちます",
              "start": 65.321,
              "end": 66.233,
              "duration": 0.912,
              "speechUnitCount": 1,
              "method": "ffmpeg-silencedetect-order",
              "confidence": "high"
            },
            {
              "id": "l16-v041",
              "trackId": "lesson_words",
              "sourceUrl": "https://japaflow-audio-bucket.oss-cn-shanghai.aliyuncs.com/textbook-audio/book1-unit4/lesson16/lesson_words.mp3",
              "localAudioPath": "data/ocr/audio-cache/lesson16/lesson_words.mp3",
              "itemIndex": 41,
              "text": "すみます",
              "label": "住みます",
              "start": 66.841,
              "end": 67.802,
              "duration": 0.961,
              "speechUnitCount": 1,
              "method": "ffmpeg-silencedetect-order",
              "confidence": "high"
            },
            {
              "id": "l16-v042",
              "trackId": "lesson_words",
              "sourceUrl": "https://japaflow-audio-bucket.oss-cn-shanghai.aliyuncs.com/textbook-audio/book1-unit4/lesson16/lesson_words.mp3",
              "localAudioPath": "data/ocr/audio-cache/lesson16/lesson_words.mp3",
              "itemIndex": 42,
              "text": "しります",
              "label": "知ります",
              "start": 68.461,
              "end": 69.392,
              "duration": 0.931,
              "speechUnitCount": 1,
              "method": "ffmpeg-silencedetect-order",
              "confidence": "high"
            },
            {
              "id": "l16-v043",
              "trackId": "lesson_words",
              "sourceUrl": "https://japaflow-audio-bucket.oss-cn-shanghai.aliyuncs.com/textbook-audio/book1-unit4/lesson16/lesson_words.mp3",
              "localAudioPath": "data/ocr/audio-cache/lesson16/lesson_words.mp3",
              "itemIndex": 43,
              "text": "なおします",
              "label": "直します",
              "start": 70.068,
              "end": 71.13,
              "duration": 1.062,
              "speechUnitCount": 1,
              "method": "ffmpeg-silencedetect-order",
              "confidence": "high"
            },
            {
              "id": "l16-v044",
              "trackId": "lesson_words",
              "sourceUrl": "https://japaflow-audio-bucket.oss-cn-shanghai.aliyuncs.com/textbook-audio/book1-unit4/lesson16/lesson_words.mp3",
              "localAudioPath": "data/ocr/audio-cache/lesson16/lesson_words.mp3",
              "itemIndex": 44,
              "text": "かたづけます",
              "label": "片づけます",
              "start": 71.856,
              "end": 73.072,
              "duration": 1.216,
              "speechUnitCount": 1,
              "method": "ffmpeg-silencedetect-order",
              "confidence": "high"
            },
            {
              "id": "l16-v045",
              "trackId": "lesson_words",
              "sourceUrl": "https://japaflow-audio-bucket.oss-cn-shanghai.aliyuncs.com/textbook-audio/book1-unit4/lesson16/lesson_words.mp3",
              "localAudioPath": "data/ocr/audio-cache/lesson16/lesson_words.mp3",
              "itemIndex": 45,
              "text": "れんしゅうします",
              "label": "練習します",
              "start": 73.953,
              "end": 75.286,
              "duration": 1.332,
              "speechUnitCount": 1,
              "method": "ffmpeg-silencedetect-order",
              "confidence": "high"
            },
            {
              "id": "l16-v046",
              "trackId": "lesson_words",
              "sourceUrl": "https://japaflow-audio-bucket.oss-cn-shanghai.aliyuncs.com/textbook-audio/book1-unit4/lesson16/lesson_words.mp3",
              "localAudioPath": "data/ocr/audio-cache/lesson16/lesson_words.mp3",
              "itemIndex": 46,
              "text": "けっこんします",
              "label": "結婚します",
              "start": 76.195,
              "end": 77.627,
              "duration": 1.431,
              "speechUnitCount": 1,
              "method": "ffmpeg-silencedetect-order",
              "confidence": "high"
            },
            {
              "id": "l16-v047",
              "trackId": "lesson_words",
              "sourceUrl": "https://japaflow-audio-bucket.oss-cn-shanghai.aliyuncs.com/textbook-audio/book1-unit4/lesson16/lesson_words.mp3",
              "localAudioPath": "data/ocr/audio-cache/lesson16/lesson_words.mp3",
              "itemIndex": 47,
              "text": "あんしんします",
              "label": "安心します",
              "start": 78.208,
              "end": 79.497,
              "duration": 1.289,
              "speechUnitCount": 1,
              "method": "ffmpeg-silencedetect-order",
              "confidence": "high"
            },
            {
              "id": "l16-v048",
              "trackId": "lesson_words",
              "sourceUrl": "https://japaflow-audio-bucket.oss-cn-shanghai.aliyuncs.com/textbook-audio/book1-unit4/lesson16/lesson_words.mp3",
              "localAudioPath": "data/ocr/audio-cache/lesson16/lesson_words.mp3",
              "itemIndex": 48,
              "text": "あかるい",
              "label": "明るい",
              "start": 80.003,
              "end": 80.843,
              "duration": 0.84,
              "speechUnitCount": 1,
              "method": "ffmpeg-silencedetect-order",
              "confidence": "high"
            },
            {
              "id": "l16-v049",
              "trackId": "lesson_words",
              "sourceUrl": "https://japaflow-audio-bucket.oss-cn-shanghai.aliyuncs.com/textbook-audio/book1-unit4/lesson16/lesson_words.mp3",
              "localAudioPath": "data/ocr/audio-cache/lesson16/lesson_words.mp3",
              "itemIndex": 49,
              "text": "ながい",
              "label": "長い",
              "start": 81.534,
              "end": 82.196,
              "duration": 0.663,
              "speechUnitCount": 1,
              "method": "ffmpeg-silencedetect-order",
              "confidence": "high"
            },
            {
              "id": "l16-v050",
              "trackId": "lesson_words",
              "sourceUrl": "https://japaflow-audio-bucket.oss-cn-shanghai.aliyuncs.com/textbook-audio/book1-unit4/lesson16/lesson_words.mp3",
              "localAudioPath": "data/ocr/audio-cache/lesson16/lesson_words.mp3",
              "itemIndex": 50,
              "text": "みじかい",
              "label": "短い",
              "start": 82.707,
              "end": 83.496,
              "duration": 0.789,
              "speechUnitCount": 1,
              "method": "ffmpeg-silencedetect-order",
              "confidence": "high"
            },
            {
              "id": "l16-v051",
              "trackId": "lesson_words",
              "sourceUrl": "https://japaflow-audio-bucket.oss-cn-shanghai.aliyuncs.com/textbook-audio/book1-unit4/lesson16/lesson_words.mp3",
              "localAudioPath": "data/ocr/audio-cache/lesson16/lesson_words.mp3",
              "itemIndex": 51,
              "text": "かるい",
              "label": "軽い",
              "start": 84.017,
              "end": 84.581,
              "duration": 0.564,
              "speechUnitCount": 1,
              "method": "ffmpeg-silencedetect-order",
              "confidence": "high"
            },
            {
              "id": "l16-v052",
              "trackId": "lesson_words",
              "sourceUrl": "https://japaflow-audio-bucket.oss-cn-shanghai.aliyuncs.com/textbook-audio/book1-unit4/lesson16/lesson_words.mp3",
              "localAudioPath": "data/ocr/audio-cache/lesson16/lesson_words.mp3",
              "itemIndex": 52,
              "text": "やさしい",
              "label": "優しい",
              "start": 85.153,
              "end": 86.189,
              "duration": 1.035,
              "speechUnitCount": 1,
              "method": "ffmpeg-silencedetect-order",
              "confidence": "high"
            },
            {
              "id": "l16-v053",
              "trackId": "lesson_words",
              "sourceUrl": "https://japaflow-audio-bucket.oss-cn-shanghai.aliyuncs.com/textbook-audio/book1-unit4/lesson16/lesson_words.mp3",
              "localAudioPath": "data/ocr/audio-cache/lesson16/lesson_words.mp3",
              "itemIndex": 53,
              "text": "ほそい",
              "label": "細い",
              "start": 86.622,
              "end": 87.176,
              "duration": 0.554,
              "speechUnitCount": 1,
              "method": "ffmpeg-silencedetect-order",
              "confidence": "high"
            },
            {
              "id": "l16-v054",
              "trackId": "lesson_words",
              "sourceUrl": "https://japaflow-audio-bucket.oss-cn-shanghai.aliyuncs.com/textbook-audio/book1-unit4/lesson16/lesson_words.mp3",
              "localAudioPath": "data/ocr/audio-cache/lesson16/lesson_words.mp3",
              "itemIndex": 54,
              "text": "ふとい",
              "label": "太い",
              "start": 87.882,
              "end": 88.504,
              "duration": 0.622,
              "speechUnitCount": 1,
              "method": "ffmpeg-silencedetect-order",
              "confidence": "high"
            },
            {
              "id": "l16-v055",
              "trackId": "lesson_words",
              "sourceUrl": "https://japaflow-audio-bucket.oss-cn-shanghai.aliyuncs.com/textbook-audio/book1-unit4/lesson16/lesson_words.mp3",
              "localAudioPath": "data/ocr/audio-cache/lesson16/lesson_words.mp3",
              "itemIndex": 55,
              "text": "くろい",
              "label": "黒い",
              "start": 89.06,
              "end": 89.591,
              "duration": 0.531,
              "speechUnitCount": 1,
              "method": "ffmpeg-silencedetect-order",
              "confidence": "high"
            },
            {
              "id": "l16-v056",
              "trackId": "lesson_words",
              "sourceUrl": "https://japaflow-audio-bucket.oss-cn-shanghai.aliyuncs.com/textbook-audio/book1-unit4/lesson16/lesson_words.mp3",
              "localAudioPath": "data/ocr/audio-cache/lesson16/lesson_words.mp3",
              "itemIndex": 56,
              "text": "ユニーク",
              "label": "ユニーク",
              "start": 90.288,
              "end": 91.102,
              "duration": 0.814,
              "speechUnitCount": 1,
              "method": "ffmpeg-silencedetect-order",
              "confidence": "high"
            },
            {
              "id": "l16-v057",
              "trackId": "lesson_words",
              "sourceUrl": "https://japaflow-audio-bucket.oss-cn-shanghai.aliyuncs.com/textbook-audio/book1-unit4/lesson16/lesson_words.mp3",
              "localAudioPath": "data/ocr/audio-cache/lesson16/lesson_words.mp3",
              "itemIndex": 57,
              "text": "あんぜん",
              "label": "安全",
              "start": 91.601,
              "end": 92.381,
              "duration": 0.781,
              "speechUnitCount": 1,
              "method": "ffmpeg-silencedetect-order",
              "confidence": "high"
            },
            {
              "id": "l16-v058",
              "trackId": "lesson_words",
              "sourceUrl": "https://japaflow-audio-bucket.oss-cn-shanghai.aliyuncs.com/textbook-audio/book1-unit4/lesson16/lesson_words.mp3",
              "localAudioPath": "data/ocr/audio-cache/lesson16/lesson_words.mp3",
              "itemIndex": 58,
              "text": "はで",
              "label": "派手",
              "start": 92.885,
              "end": 93.441,
              "duration": 0.556,
              "speechUnitCount": 1,
              "method": "ffmpeg-silencedetect-order",
              "confidence": "high"
            },
            {
              "id": "l16-v059",
              "trackId": "lesson_words",
              "sourceUrl": "https://japaflow-audio-bucket.oss-cn-shanghai.aliyuncs.com/textbook-audio/book1-unit4/lesson16/lesson_words.mp3",
              "localAudioPath": "data/ocr/audio-cache/lesson16/lesson_words.mp3",
              "itemIndex": 59,
              "text": "じみ",
              "label": "地味",
              "start": 94.123,
              "end": 94.692,
              "duration": 0.569,
              "speechUnitCount": 1,
              "method": "ffmpeg-silencedetect-order",
              "confidence": "high"
            },
            {
              "id": "l16-v060",
              "trackId": "lesson_words",
              "sourceUrl": "https://japaflow-audio-bucket.oss-cn-shanghai.aliyuncs.com/textbook-audio/book1-unit4/lesson16/lesson_words.mp3",
              "localAudioPath": "data/ocr/audio-cache/lesson16/lesson_words.mp3",
              "itemIndex": 60,
              "text": "げんじゅう",
              "label": "厳重",
              "start": 95.491,
              "end": 96.522,
              "duration": 1.031,
              "speechUnitCount": 1,
              "method": "ffmpeg-silencedetect-order",
              "confidence": "high"
            },
            {
              "id": "l16-v061",
              "trackId": "lesson_words",
              "sourceUrl": "https://japaflow-audio-bucket.oss-cn-shanghai.aliyuncs.com/textbook-audio/book1-unit4/lesson16/lesson_words.mp3",
              "localAudioPath": "data/ocr/audio-cache/lesson16/lesson_words.mp3",
              "itemIndex": 61,
              "text": "まじめ",
              "label": "まじめ",
              "start": 96.989,
              "end": 97.703,
              "duration": 0.714,
              "speechUnitCount": 1,
              "method": "ffmpeg-silencedetect-order",
              "confidence": "high"
            },
            {
              "id": "l16-v062",
              "trackId": "lesson_words",
              "sourceUrl": "https://japaflow-audio-bucket.oss-cn-shanghai.aliyuncs.com/textbook-audio/book1-unit4/lesson16/lesson_words.mp3",
              "localAudioPath": "data/ocr/audio-cache/lesson16/lesson_words.mp3",
              "itemIndex": 62,
              "text": "たいせつ",
              "label": "大切",
              "start": 98.446,
              "end": 99.411,
              "duration": 0.965,
              "speechUnitCount": 1,
              "method": "ffmpeg-silencedetect-order",
              "confidence": "high"
            },
            {
              "id": "l16-v063",
              "trackId": "lesson_words",
              "sourceUrl": "https://japaflow-audio-bucket.oss-cn-shanghai.aliyuncs.com/textbook-audio/book1-unit4/lesson16/lesson_words.mp3",
              "localAudioPath": "data/ocr/audio-cache/lesson16/lesson_words.mp3",
              "itemIndex": 63,
              "text": "ふくざつ",
              "label": "複雑",
              "start": 99.964,
              "end": 100.88,
              "duration": 0.916,
              "speechUnitCount": 1,
              "method": "ffmpeg-silencedetect-order",
              "confidence": "high"
            },
            {
              "id": "l16-v064",
              "trackId": "lesson_words",
              "sourceUrl": "https://japaflow-audio-bucket.oss-cn-shanghai.aliyuncs.com/textbook-audio/book1-unit4/lesson16/lesson_words.mp3",
              "localAudioPath": "data/ocr/audio-cache/lesson16/lesson_words.mp3",
              "itemIndex": 64,
              "text": "ちゃんと",
              "label": "ちゃんと",
              "start": 101.654,
              "end": 102.519,
              "duration": 0.865,
              "speechUnitCount": 1,
              "method": "ffmpeg-silencedetect-order",
              "confidence": "high"
            },
            {
              "id": "l16-v065",
              "trackId": "lesson_words",
              "sourceUrl": "https://japaflow-audio-bucket.oss-cn-shanghai.aliyuncs.com/textbook-audio/book1-unit4/lesson16/lesson_words.mp3",
              "localAudioPath": "data/ocr/audio-cache/lesson16/lesson_words.mp3",
              "itemIndex": 65,
              "text": "まだ",
              "label": "まだ",
              "start": 103.056,
              "end": 103.469,
              "duration": 0.413,
              "speechUnitCount": 1,
              "method": "ffmpeg-silencedetect-order",
              "confidence": "high"
            },
            {
              "id": "l16-v066",
              "trackId": "lesson_words",
              "sourceUrl": "https://japaflow-audio-bucket.oss-cn-shanghai.aliyuncs.com/textbook-audio/book1-unit4/lesson16/lesson_words.mp3",
              "localAudioPath": "data/ocr/audio-cache/lesson16/lesson_words.mp3",
              "itemIndex": 66,
              "text": "すぐ",
              "label": "すぐ",
              "start": 103.993,
              "end": 104.516,
              "duration": 0.523,
              "speechUnitCount": 1,
              "method": "ffmpeg-silencedetect-order",
              "confidence": "high"
            },
            {
              "id": "l16-v067",
              "trackId": "lesson_words",
              "sourceUrl": "https://japaflow-audio-bucket.oss-cn-shanghai.aliyuncs.com/textbook-audio/book1-unit4/lesson16/lesson_words.mp3",
              "localAudioPath": "data/ocr/audio-cache/lesson16/lesson_words.mp3",
              "itemIndex": 67,
              "text": "ずいぶん",
              "label": "ずいぶん",
              "start": 105.375,
              "end": 106.288,
              "duration": 0.913,
              "speechUnitCount": 1,
              "method": "ffmpeg-silencedetect-order",
              "confidence": "high"
            },
            {
              "id": "l16-v068",
              "trackId": "lesson_words",
              "sourceUrl": "https://japaflow-audio-bucket.oss-cn-shanghai.aliyuncs.com/textbook-audio/book1-unit4/lesson16/lesson_words.mp3",
              "localAudioPath": "data/ocr/audio-cache/lesson16/lesson_words.mp3",
              "itemIndex": 68,
              "text": "ほら",
              "label": "ほら",
              "start": 106.861,
              "end": 107.234,
              "duration": 0.373,
              "speechUnitCount": 1,
              "method": "ffmpeg-silencedetect-order",
              "confidence": "high"
            },
            {
              "id": "l16-v069",
              "trackId": "lesson_words",
              "sourceUrl": "https://japaflow-audio-bucket.oss-cn-shanghai.aliyuncs.com/textbook-audio/book1-unit4/lesson16/lesson_words.mp3",
              "localAudioPath": "data/ocr/audio-cache/lesson16/lesson_words.mp3",
              "itemIndex": 69,
              "text": "にっちゅうでんき",
              "label": "日中電気",
              "start": 108.378,
              "end": 109.676,
              "duration": 1.298,
              "speechUnitCount": 1,
              "method": "ffmpeg-silencedetect-order",
              "confidence": "high"
            },
            {
              "id": "l16-v070",
              "trackId": "lesson_words",
              "sourceUrl": "https://japaflow-audio-bucket.oss-cn-shanghai.aliyuncs.com/textbook-audio/book1-unit4/lesson16/lesson_words.mp3",
              "localAudioPath": "data/ocr/audio-cache/lesson16/lesson_words.mp3",
              "itemIndex": 70,
              "text": "あたまがいい",
              "label": "頭がいい",
              "start": 110.6,
              "end": 111.659,
              "duration": 1.059,
              "speechUnitCount": 1,
              "method": "ffmpeg-silencedetect-order",
              "confidence": "high"
            },
            {
              "id": "l16-v071",
              "trackId": "lesson_words",
              "sourceUrl": "https://japaflow-audio-bucket.oss-cn-shanghai.aliyuncs.com/textbook-audio/book1-unit4/lesson16/lesson_words.mp3",
              "localAudioPath": "data/ocr/audio-cache/lesson16/lesson_words.mp3",
              "itemIndex": 71,
              "text": "〜製／〜料／〜費／〜代",
              "label": "〜製／〜料／〜費／〜代",
              "start": 113.07,
              "end": 118.261,
              "duration": 5.191,
              "speechUnitCount": 4,
              "method": "ffmpeg-silencedetect-order",
              "confidence": "high"
            }
          ]
        }
      }
    }
  }
}
